state,state_po,district,candidate,party,candidatevotes,totalvotes
ALABAMA,AL,1,JAMES AVERHART,DEMOCRAT,116949,329075
ALABAMA,AL,1,JERRY CARL,REPUBLICAN,211825,329075
ALABAMA,AL,1,WRITEIN,,301,329075
ALABAMA,AL,2,BARRY MOORE,REPUBLICAN,197996,303569
ALABAMA,AL,2,PHYLLIS HARVEY-HALL,DEMOCRAT,105286,303569
ALABAMA,AL,2,WRITEIN,,287,303569
ALABAMA,AL,3,ADIA WINFREY,DEMOCRAT,104595,322234
ALABAMA,AL,3,MIKE ROGERS,REPUBLICAN,217384,322234
ALABAMA,AL,3,WRITEIN,,255,322234
ALABAMA,AL,4,RICK NEIGHBORS,DEMOCRAT,56237,318029
ALABAMA,AL,4,ROBERT B ADERHOLT,REPUBLICAN,261553,318029
ALABAMA,AL,4,WRITEIN,,239,318029
ALABAMA,AL,5,MO BROOKS,REPUBLICAN,253094,264160
ALABAMA,AL,5,NONE,DEMOCRAT,0,264160
ALABAMA,AL,5,WRITEIN,,11066,264160
ALABAMA,AL,6,GARY J PALMER,REPUBLICAN,274160,282261
ALABAMA,AL,6,NONE,DEMOCRAT,0,282261
ALABAMA,AL,6,WRITEIN,,8101,282261
ALABAMA,AL,7,TERRI A SEWELL,DEMOCRAT,225742,232331
ALABAMA,AL,7,NONE,REPUBLICAN,0,232331
ALABAMA,AL,7,WRITEIN,,6589,232331
ALASKA,AK,0,ALYSE S GALVIN,DEMOCRAT,159856,353165
ALASKA,AK,0,DON YOUNG,REPUBLICAN,192126,353165
ALASKA,AK,0,WRITEIN,,1183,353165
ARIZONA,AZ,1,TIFFANY SHEDD,REPUBLICAN,176709,365178
ARIZONA,AZ,1,TOM O'HALLERAN,DEMOCRAT,188469,365178
ARIZONA,AZ,2,ANN KIRKPATRICK,DEMOCRAT,209945,381054
ARIZONA,AZ,2,BRANDON MARTIN,REPUBLICAN,170975,381054
ARIZONA,AZ,2,BRANDON SCHLASS,WRITE-IN (COMMON SENSE MODERATE),35,381054
ARIZONA,AZ,2,IMAN BAH,WRITE-IN (INDEPENDENT),99,381054
ARIZONA,AZ,3,DANIEL WOOD,REPUBLICAN,95594,269837
ARIZONA,AZ,3,RAUL M GRIJALVA,DEMOCRAT,174243,269837
ARIZONA,AZ,4,ANA PEREZ GISSY,WRITE-IN (INDEPENDENT),39,398623
ARIZONA,AZ,4,BRETT BRENNAN,WRITE-IN (LIBERTARIAN),67,398623
ARIZONA,AZ,4,DELINA DISANTO,DEMOCRAT,120484,398623
ARIZONA,AZ,4,DON OVERHOLSER,WRITE-IN (REPUBLICAN),5,398623
ARIZONA,AZ,4,EMILY ROBINSON,WRITE-IN (INDEPENDENT),7,398623
ARIZONA,AZ,4,MIKO JONES,WRITE-IN (DEMOCRATIC),19,398623
ARIZONA,AZ,4,PAUL A GOSAR,REPUBLICAN,278002,398623
ARIZONA,AZ,5,ANDY BIGGS,REPUBLICAN,262414,445657
ARIZONA,AZ,5,JOAN GREENE,DEMOCRAT,183171,445657
ARIZONA,AZ,5,KAREN STEPHENS,WRITE-IN (REPUBLICAN),72,445657
ARIZONA,AZ,6,DAVID SCHWEIKERT,REPUBLICAN,217783,417427
ARIZONA,AZ,6,HIRAL TIPIRNENI,DEMOCRAT,199644,417427
ARIZONA,AZ,7,J TRAVIS KIRKHAM,WRITE-IN (REPUBLICAN),3,215732
ARIZONA,AZ,7,JOSHUA BARNETT,REPUBLICAN,50226,215732
ARIZONA,AZ,7,ROXANNE RODRIGUEZ,WRITE-IN (LIBERTARIAN),51,215732
ARIZONA,AZ,7,RUBEN GALLEGO,DEMOCRAT,165452,215732
ARIZONA,AZ,8,DEBBIE LESKO,REPUBLICAN,251633,422467
ARIZONA,AZ,8,MICHAEL MUSCATO,DEMOCRAT,170816,422467
ARIZONA,AZ,8,TALIBAN HENDRIX,WRITE-IN (INDEPENDENT),18,422467
ARIZONA,AZ,9,DAVE GILES,REPUBLICAN,135180,352274
ARIZONA,AZ,9,GREG STANTON,DEMOCRAT,217094,352274
ARKANSAS,AR,1,"ERIC A ""RICK"" CRAWFORD",REPUBLICAN,237596,237596
ARKANSAS,AR,1,NONE,DEMOCRAT,0,237596
ARKANSAS,AR,2,J FRENCH HILL,REPUBLICAN,184093,332503
ARKANSAS,AR,2,JOYCE ELLIOTT,DEMOCRAT,148410,332503
ARKANSAS,AR,3,CELESTE WILLIAMS,DEMOCRAT,106325,334262
ARKANSAS,AR,3,MICHAEL J KALAGIAS,LIBERTARIAN,12977,334262
ARKANSAS,AR,3,STEVE WOMACK,REPUBLICAN,214960,334262
ARKANSAS,AR,4,BRUCE WESTERMAN,REPUBLICAN,191617,275035
ARKANSAS,AR,4,FRANK GILBERT,LIBERTARIAN,7668,275035
ARKANSAS,AR,4,WILLIAM H HANSON,DEMOCRAT,75750,275035
CALIFORNIA,CA,1,AUDREY DENNEY,DEMOCRAT,154073,358263
CALIFORNIA,CA,1,DOUG LAMALFA,REPUBLICAN,204190,358263
CALIFORNIA,CA,2,DALE K MENSING,REPUBLICAN,94320,388755
CALIFORNIA,CA,2,JARED HUFFMAN,DEMOCRAT,294435,388755
CALIFORNIA,CA,3,JOHN GARAMENDI,DEMOCRAT,176043,321988
CALIFORNIA,CA,3,TAMIKA HAMILTON,REPUBLICAN,145945,321988
CALIFORNIA,CA,4,BRYNNE S KENNEDY,DEMOCRAT,194731,442022
CALIFORNIA,CA,4,TOM MCCLINTOCK,REPUBLICAN,247291,442022
CALIFORNIA,CA,5,MIKE THOMPSON,DEMOCRAT,271233,356460
CALIFORNIA,CA,5,SCOTT GIBLIN,REPUBLICAN,85227,356460
CALIFORNIA,CA,6,CHRIS BISH,REPUBLICAN,83466,313114
CALIFORNIA,CA,6,DORIS O MATSUI,DEMOCRAT,229648,313114
CALIFORNIA,CA,7,AMI BERA,DEMOCRAT,217416,383965
CALIFORNIA,CA,7,BUZZ PATTERSON,REPUBLICAN,166549,383965
CALIFORNIA,CA,8,CHRISTINE BUBSER,DEMOCRAT,124400,283111
CALIFORNIA,CA,8,JAY OBERNOLTE,REPUBLICAN,158711,283111
CALIFORNIA,CA,9,"ANTONIO C ""TONY"" AMADOR",REPUBLICAN,128358,302610
CALIFORNIA,CA,9,JERRY MCNERNEY,DEMOCRAT,174252,302610
CALIFORNIA,CA,10,JOSH HARDER,DEMOCRAT,166865,302494
CALIFORNIA,CA,10,TED HOWZE,REPUBLICAN,135629,302494
CALIFORNIA,CA,11,MARK DESAULNIER,DEMOCRAT,271063,371356
CALIFORNIA,CA,11,NISHA SHARMA,REPUBLICAN,100293,371356
CALIFORNIA,CA,12,NANCY PELOSI,DEMOCRAT,281776,362950
CALIFORNIA,CA,12,NONE,REPUBLICAN,0,362950
CALIFORNIA,CA,12,SHAHID BUTTAR,DEMOCRAT,81174,362950
CALIFORNIA,CA,13,BARBARA LEE,DEMOCRAT,327863,362818
CALIFORNIA,CA,13,NIKKA PITERMAN,REPUBLICAN,34955,362818
CALIFORNIA,CA,14,JACKIE SPEIER,DEMOCRAT,278300,351005
CALIFORNIA,CA,14,RAN S PETEL,REPUBLICAN,72705,351005
CALIFORNIA,CA,15,ALISON HAYDEN,REPUBLICAN,99710,342701
CALIFORNIA,CA,15,ERIC SWALWELL,DEMOCRAT,242991,342701
CALIFORNIA,CA,16,JIM COSTA,DEMOCRAT,128690,216729
CALIFORNIA,CA,16,KEVIN COOKINGHAM,REPUBLICAN,88039,216729
CALIFORNIA,CA,17,RITESH TANDON,REPUBLICAN,85199,297336
CALIFORNIA,CA,17,RO KHANNA,DEMOCRAT,212137,297336
CALIFORNIA,CA,18,ANNA G ESHOO,DEMOCRAT,217388,344139
CALIFORNIA,CA,18,RISHI KUMAR,DEMOCRAT,126751,344139
CALIFORNIA,CA,18,NONE,REPUBLICAN,0,344139
CALIFORNIA,CA,19,JUSTIN JAMES AGUILERA,REPUBLICAN,88642,313027
CALIFORNIA,CA,19,ZOE LOFGREN,DEMOCRAT,224385,313027
CALIFORNIA,CA,20,JEFF GORMAN,REPUBLICAN,71658,308554
CALIFORNIA,CA,20,JIMMY PANETTA,DEMOCRAT,236896,308554
CALIFORNIA,CA,21,DAVID G VALADAO,REPUBLICAN,85928,170334
CALIFORNIA,CA,21,TJ COX,DEMOCRAT,84406,170334
CALIFORNIA,CA,22,DEVIN NUNES,REPUBLICAN,170888,315139
CALIFORNIA,CA,22,PHIL ARBALLO,DEMOCRAT,144251,315139
CALIFORNIA,CA,23,KEVIN MCCARTHY,REPUBLICAN,190222,306118
CALIFORNIA,CA,23,KIM MANGONE,DEMOCRAT,115896,306118
CALIFORNIA,CA,24,ANDY CALDWELL,REPUBLICAN,149781,362345
CALIFORNIA,CA,24,SALUD O CARBAJAL,DEMOCRAT,212564,362345
CALIFORNIA,CA,25,CHRISTY SMITH,DEMOCRAT,169305,338943
CALIFORNIA,CA,25,MIKE GARCIA,REPUBLICAN,169638,338943
CALIFORNIA,CA,26,JULIA BROWNLEY,DEMOCRAT,208856,344733
CALIFORNIA,CA,26,RONDA BALDWIN-KENNEDY,REPUBLICAN,135877,344733
CALIFORNIA,CA,27,JOHNNY J NALBANDIAN,REPUBLICAN,95907,317318
CALIFORNIA,CA,27,JUDY CHU,DEMOCRAT,221411,317318
CALIFORNIA,CA,28,ADAM B SCHIFF,DEMOCRAT,244271,336199
CALIFORNIA,CA,28,ERIC EARLY,REPUBLICAN,91928,336199
CALIFORNIA,CA,29,ANGELICA MARIA DUENAS,DEMOCRAT,91524,210944
CALIFORNIA,CA,29,TONY CARDENAS,DEMOCRAT,119420,210944
CALIFORNIA,CA,30,BRAD SHERMAN,DEMOCRAT,240038,345464
CALIFORNIA,CA,30,MARK S REED,REPUBLICAN,105426,345464
CALIFORNIA,CA,31,AGNES GIBBONEY,REPUBLICAN,110735,286050
CALIFORNIA,CA,31,PETE AGUILAR,DEMOCRAT,175315,286050
CALIFORNIA,CA,32,GRACE F NAPOLITANO,DEMOCRAT,172942,259760
CALIFORNIA,CA,32,JOSHUA M SCOTT,REPUBLICAN,86818,259760
CALIFORNIA,CA,33,JAMES P BRADLEY,REPUBLICAN,123334,380428
CALIFORNIA,CA,33,TED LIEU,DEMOCRAT,257094,380428
CALIFORNIA,CA,34,DAVID KIM,DEMOCRAT,96554,205346
CALIFORNIA,CA,34,JIMMY GOMEZ,DEMOCRAT,108792,205346
CALIFORNIA,CA,35,MIKE CARGILE,REPUBLICAN,74941,244346
CALIFORNIA,CA,35,NORMA J TORRES,DEMOCRAT,169405,244346
CALIFORNIA,CA,36,ERIN CRUZ,REPUBLICAN,121698,306849
CALIFORNIA,CA,36,RAUL RUIZ,DEMOCRAT,185151,306849
CALIFORNIA,CA,37,ERROL WEBBER,REPUBLICAN,41705,296621
CALIFORNIA,CA,37,KAREN BASS,DEMOCRAT,254916,296621
CALIFORNIA,CA,38,LINDA T SANCHEZ,DEMOCRAT,190467,256206
CALIFORNIA,CA,38,MICHAEL TOLAR,DEMOCRAT,65739,256206
CALIFORNIA,CA,39,GILBERT RAY CISNEROS JR,DEMOCRAT,169837,343783
CALIFORNIA,CA,39,YOUNG KIM,REPUBLICAN,173946,343783
CALIFORNIA,CA,40,C ANTONIO DELGADO,REPUBLICAN,50809,186381
CALIFORNIA,CA,40,LUCILLE ROYBAL-ALLARD,DEMOCRAT,135572,186381
CALIFORNIA,CA,41,AJA SMITH,REPUBLICAN,94447,262573
CALIFORNIA,CA,41,MARK TAKANO,DEMOCRAT,168126,262573
CALIFORNIA,CA,42,KEN CALVERT,REPUBLICAN,210274,368047
CALIFORNIA,CA,42,"WILLIAM ""LIAM"" O'MARA",DEMOCRAT,157773,368047
CALIFORNIA,CA,43,JOE E COLLINS III,REPUBLICAN,78688,277898
CALIFORNIA,CA,43,MAXINE WATERS,DEMOCRAT,199210,277898
CALIFORNIA,CA,44,ANALILIA JOYA,DEMOCRAT,66375,206036
CALIFORNIA,CA,44,NANETTE DIAZ BARRAGAN,DEMOCRAT,139661,206036
CALIFORNIA,CA,45,GREG RATHS,REPUBLICAN,193096,414939
CALIFORNIA,CA,45,KATIE PORTER,DEMOCRAT,221843,414939
CALIFORNIA,CA,46,J LUIS CORREA,DEMOCRAT,157803,229519
CALIFORNIA,CA,46,JAMES S WATERS,REPUBLICAN,71716,229519
CALIFORNIA,CA,47,ALAN S LOWENTHAL,DEMOCRAT,197028,311399
CALIFORNIA,CA,47,JOHN BRISCOE,REPUBLICAN,114371,311399
CALIFORNIA,CA,48,HARLEY ROUDA,DEMOCRAT,193362,395100
CALIFORNIA,CA,48,MICHELLE STEEL,REPUBLICAN,201738,395100
CALIFORNIA,CA,49,BRIAN MARYOTT,REPUBLICAN,181157,386506
CALIFORNIA,CA,49,MIKE LEVIN,DEMOCRAT,205349,386506
CALIFORNIA,CA,50,AMMAR CAMPA-NAJJAR,DEMOCRAT,166869,362390
CALIFORNIA,CA,50,DARRELL ISSA,REPUBLICAN,195521,362390
CALIFORNIA,CA,51,JUAN M HIDALGO JR,REPUBLICAN,76841,242437
CALIFORNIA,CA,51,JUAN VARGAS,DEMOCRAT,165596,242437
CALIFORNIA,CA,52,JIM DEBELLO,REPUBLICAN,152350,396495
CALIFORNIA,CA,52,SCOTT H PETERS,DEMOCRAT,244145,396495
CALIFORNIA,CA,53,GEORGETTE GOMEZ,DEMOCRAT,135614,334858
CALIFORNIA,CA,53,SARA JACOBS,DEMOCRAT,199244,334858
COLORADO,CO,1,DIANA DEGETTE,DEMOCRAT,331621,450290
COLORADO,CO,1,JAN KOK,APPROVAL VOTING PARTY,1441,450290
COLORADO,CO,1,KYLE FUREY,LIBERTARIAN,8749,450290
COLORADO,CO,1,PAUL NOEL FIORINO,UNITY PARTY OF COLORADO,2524,450290
COLORADO,CO,1,SHANE BOLLING,REPUBLICAN,105955,450290
COLORADO,CO,2,CHARLIE WINN,REPUBLICAN,182547,515663
COLORADO,CO,2,GARY SWING,UNITY PARTY OF COLORADO,2534,515663
COLORADO,CO,2,JOE NEGUSE,DEMOCRAT,316925,515663
COLORADO,CO,2,THOM ATKINSON,LIBERTARIAN,13657,515663
COLORADO,CO,3,CRITTER MILTON,UNITY PARTY OF COLORADO,4265,429319
COLORADO,CO,3,DIANE E MITSCH BUSH,DEMOCRAT,194122,429319
COLORADO,CO,3,JOHN RYAN KEIL,LIBERTARIAN,10298,429319
COLORADO,CO,3,LAUREN BOEBERT,REPUBLICAN,220634,429319
COLORADO,CO,4,BRUCE GRIFFITH,LIBERTARIAN,11026,475107
COLORADO,CO,4,IKE MCCORKLE,DEMOCRAT,173945,475107
COLORADO,CO,4,KEN BUCK,REPUBLICAN,285606,475107
COLORADO,CO,4,LAURA IRELAND,UNITY PARTY OF COLORADO,4530,475107
COLORADO,CO,5,DOUG LAMBORN,REPUBLICAN,249013,432407
COLORADO,CO,5,ED DUFFETT,LIBERTARIAN,14777,432407
COLORADO,CO,5,JILLIAN FREELAND,DEMOCRAT,161600,432407
COLORADO,CO,5,MARCUS ALLEN MURPHY,UNAFFILIATED,3708,432407
COLORADO,CO,5,REBECCA KELTIE,UNITY PARTY OF COLORADO,3309,432407
COLORADO,CO,6,JAIMIE LYNN KULIKOWSKI,UNITY PARTY OF COLORADO,3884,438473
COLORADO,CO,6,JASON CROW,DEMOCRAT,250314,438473
COLORADO,CO,6,NORM OLSEN,LIBERTARIAN,9083,438473
COLORADO,CO,6,STEVE HOUSE,REPUBLICAN,175192,438473
COLORADO,CO,7,"CHARLES ""CASPER"" STOCKHAM",REPUBLICAN,159301,423691
COLORADO,CO,7,DAVID OLSZTA,UNITY PARTY OF COLORADO,2355,423691
COLORADO,CO,7,ED PERLMUTTER,DEMOCRAT,250525,423691
COLORADO,CO,7,KEN BILES,LIBERTARIAN,11510,423691
CONNECTICUT,CT,1,JOHN B LARSON,DEMOCRAT,213001,349237
CONNECTICUT,CT,1,JOHN B LARSON,WORKING FAMILIES,9667,349237
CONNECTICUT,CT,1,MARY FAY,REPUBLICAN,122111,349237
CONNECTICUT,CT,1,THOMAS E MCCORMICK,GREEN,4458,349237
CONNECTICUT,CT,2,CASSANDRA MARTINEAU,GREEN,4960,367347
CONNECTICUT,CT,2,DANIEL REALE,LIBERTARIAN,3903,367347
CONNECTICUT,CT,2,JOE COURTNEY,DEMOCRAT,207303,367347
CONNECTICUT,CT,2,JOE COURTNEY,WORKING FAMILIES,10816,367347
CONNECTICUT,CT,2,JOHN M TRACESKI,WRITE-IN,9,367347
CONNECTICUT,CT,2,JUSTIN ANDERSON,REPUBLICAN,140356,367347
CONNECTICUT,CT,3,JUSTIN C PAGLINO,GREEN,5240,346103
CONNECTICUT,CT,3,MARGARET STREICKER,INDEPENDENT,6030,346103
CONNECTICUT,CT,3,MARGARET STREICKER,REPUBLICAN,131568,346103
CONNECTICUT,CT,3,ROSA L DELAURO,DEMOCRAT,194259,346103
CONNECTICUT,CT,3,ROSA L DELAURO,WORKING FAMILIES,9006,346103
CONNECTICUT,CT,4,BRIAN MERLEN,INDEPENDENT,5647,360716
CONNECTICUT,CT,4,JAMES A HIMES,DEMOCRAT,224432,360716
CONNECTICUT,CT,4,JONATHAN RIDDLE,REPUBLICAN,130627,360716
CONNECTICUT,CT,4,YUSHENG PENG,WRITE-IN,10,360716
CONNECTICUT,CT,5,BRUCE W WALCZAK,INDEPENDENT,5052,349524
CONNECTICUT,CT,5,DAVID X SULLIVAN,REPUBLICAN,151988,349524
CONNECTICUT,CT,5,JAHANA HAYES,DEMOCRAT,183797,349524
CONNECTICUT,CT,5,JAHANA HAYES,WORKING FAMILIES,8687,349524
DELAWARE,DE,0,CATHERINE S PURCELL,INDEPENDENT PARTY OF DELAWARE,6682,488270
DELAWARE,DE,0,DAVID L ROGERS,LIBERTARIAN,3814,488270
DELAWARE,DE,0,LEE MURPHY,REPUBLICAN,196392,488270
DELAWARE,DE,0,LISA BLUNT ROCHESTER,DEMOCRAT,281382,488270
FLORIDA,FL,1,ALBERT ORAM,NO PARTY AFFILIATION,6038,438562
FLORIDA,FL,1,MATT GAETZ,REPUBLICAN,283352,438562
FLORIDA,FL,1,PHIL EHR,DEMOCRAT,149172,438562
FLORIDA,FL,2,KIM O'CONNOR,WRITE-IN,6662,311999
FLORIDA,FL,2,NEAL P DUNN,REPUBLICAN,305337,311999
FLORIDA,FL,3,ADAM CHRISTENSEN,DEMOCRAT,167326,390401
FLORIDA,FL,3,KAT CAMMACK,REPUBLICAN,223075,390401
FLORIDA,FL,4,DONNA DEEGAN,DEMOCRAT,196423,504940
FLORIDA,FL,4,GARY L KONIZ,WRITE-IN,20,504940
FLORIDA,FL,4,JOHN H RUTHERFORD,REPUBLICAN,308497,504940
FLORIDA,FL,5,AL LAWSON JR,DEMOCRAT,219463,336973
FLORIDA,FL,5,GARY ADLER,REPUBLICAN,117510,336973
FLORIDA,FL,6,ALAN GRAYSON,WRITE-IN,46,437856
FLORIDA,FL,6,CLINT CURTIS,DEMOCRAT,172305,437856
FLORIDA,FL,6,"JOHN G ""GERRY"" NOLAN",WRITE-IN,112,437856
FLORIDA,FL,6,MICHAEL WALTZ,REPUBLICAN,265393,437856
FLORIDA,FL,7,LEO VALENTIN,REPUBLICAN,175750,406449
FLORIDA,FL,7,STEPHANIE N MURPHY,DEMOCRAT,224946,406449
FLORIDA,FL,7,WILLIAM R GARLINGTON,NO PARTY AFFILIATION,5753,406449
FLORIDA,FL,8,BILL POSEY,REPUBLICAN,282093,459788
FLORIDA,FL,8,JIM KENNEDY,DEMOCRAT,177695,459788
FLORIDA,FL,9,CLAY HILL,WRITE-IN,25,429638
FLORIDA,FL,9,DARREN SOTO,DEMOCRAT,240724,429638
FLORIDA,FL,9,"WILLIAM P ""BILL"" OLSON",REPUBLICAN,188889,429638
FLORIDA,FL,10,SUFIYAH YASMINE,WRITE-IN,74,376397
FLORIDA,FL,10,VAL BUTLER DEMINGS,DEMOCRAT,239434,376397
FLORIDA,FL,10,VENNIA FRANCOIS,REPUBLICAN,136889,376397
FLORIDA,FL,11,DANA MARIE COTTRELL,DEMOCRAT,158094,475073
FLORIDA,FL,11,DANIEL WEBSTER,REPUBLICAN,316979,475073
FLORIDA,FL,12,GUS M BILIRAKIS,REPUBLICAN,284941,453135
FLORIDA,FL,12,KIMBERLY WALKER,DEMOCRAT,168194,453135
FLORIDA,FL,13,ANNA PAULINA LUNA,REPUBLICAN,190713,406125
FLORIDA,FL,13,CHARLIE CRIST,DEMOCRAT,215405,406125
FLORIDA,FL,13,JACOB CURNOW,WRITE-IN,7,406125
FLORIDA,FL,14,CHRISTINE Y QUINN,REPUBLICAN,147896,372136
FLORIDA,FL,14,KATHY CASTOR,DEMOCRAT,224240,372136
FLORIDA,FL,15,ALAN COHN,DEMOCRAT,174297,390671
FLORIDA,FL,15,SCOTT FRANKLIN,REPUBLICAN,216374,390671
FLORIDA,FL,16,MARGARET GOOD,DEMOCRAT,215683,484684
FLORIDA,FL,16,VERN BUCHANAN,REPUBLICAN,269001,484684
FLORIDA,FL,17,ALLEN ELLISON,DEMOCRAT,140487,412397
FLORIDA,FL,17,"THEODORE ""PINK TIE"" MURRAY",NO PARTY AFFILIATION,5396,412397
FLORIDA,FL,17,W GREGORY STEUBE,REPUBLICAN,266514,412397
FLORIDA,FL,18,BRIAN J MAST,REPUBLICAN,253286,449720
FLORIDA,FL,18,K W MILLER,NO PARTY AFFILIATION,9760,449720
FLORIDA,FL,18,PAM KEITH,DEMOCRAT,186674,449720
FLORIDA,FL,19,BYRON DONALDS,REPUBLICAN,272440,444589
FLORIDA,FL,19,CINDY LYN BANYAI,DEMOCRAT,172146,444589
FLORIDA,FL,19,PATRICK POST,WRITE-IN,3,444589
FLORIDA,FL,20,ALCEE L HASTINGS,DEMOCRAT,253661,322409
FLORIDA,FL,20,GREG MUSSELWHITE,REPUBLICAN,68748,322409
FLORIDA,FL,21,CHARLESTON MALKEMUS,NO PARTY AFFILIATION,7544,403093
FLORIDA,FL,21,LAURA LOOMER,REPUBLICAN,157612,403093
FLORIDA,FL,21,LOIS FRANKEL,DEMOCRAT,237925,403093
FLORIDA,FL,21,PIOTR BLASS,WRITE-IN,4,403093
FLORIDA,FL,21,SYLVIA CARAVETTA,WRITE-IN,8,403093
FLORIDA,FL,22,"JAMES ""JIM"" PRUDEN",REPUBLICAN,166553,402317
FLORIDA,FL,22,THEODORE E DEUTCH,DEMOCRAT,235764,402317
FLORIDA,FL,23,CARLA SPALDING,REPUBLICAN,158874,380196
FLORIDA,FL,23,DEBBIE WASSERMAN SCHULTZ,DEMOCRAT,221239,380196
FLORIDA,FL,23,"DEMETRIUS ""DB"" FUGATE",WRITE-IN,37,380196
FLORIDA,FL,23,JEFF OLSON,WRITE-IN,46,380196
FLORIDA,FL,24,CHRISTINE ALEXANDRIA OLIVO,NO PARTY AFFILIATION,11703,289638
FLORIDA,FL,24,FREDERICA S WILSON,DEMOCRAT,218825,289638
FLORIDA,FL,24,HECTOR RIVERA,WRITE-IN,9,289638
FLORIDA,FL,24,HOWARD KNEPPER,WRITE-IN,17,289638
FLORIDA,FL,24,LAVERN SPICER,REPUBLICAN,59084,289638
FLORIDA,FL,25,MARIO DIAZ-BALART,REPUBLICAN,1,1
FLORIDA,FL,25,NONE,DEMOCRAT,1,1
FLORIDA,FL,26,CARLOS GIMENEZ,REPUBLICAN,177223,342630
FLORIDA,FL,26,DEBBIE MUCARSEL-POWELL,DEMOCRAT,165407,342630
FLORIDA,FL,27,DONNA E SHALALA,DEMOCRAT,166758,342975
FLORIDA,FL,27,FRANK E POLO,WRITE-IN,76,342975
FLORIDA,FL,27,MARIA ELVIRA SALAZAR,REPUBLICAN,176141,342975
GEORGIA,GA,1,"EARL L ""BUDDY"" CARTER",REPUBLICAN,189457,324695
GEORGIA,GA,1,JOYCE MARIE GRIGGS,DEMOCRAT,135238,324695
GEORGIA,GA,2,DON COLE,REPUBLICAN,111620,273034
GEORGIA,GA,2,JAMELLE HILL,WRITE-IN,17,273034
GEORGIA,GA,2,SANFORD D BISHOP JR,DEMOCRAT,161397,273034
GEORGIA,GA,3,A DREW FERGUSON IV,REPUBLICAN,241526,371318
GEORGIA,GA,3,VAL ALMONORD,DEMOCRAT,129792,371318
GEORGIA,GA,4,"HENRY C ""HANK"" JOHNSON JR",DEMOCRAT,278906,348299
GEORGIA,GA,4,JOHSIE CRUZ EZAMMUDEEN,REPUBLICAN,69393,348299
GEORGIA,GA,5,ANGELA STANTON-KING,REPUBLICAN,52646,354503
GEORGIA,GA,5,NIKEMA WILLIAMS,DEMOCRAT,301857,354503
GEORGIA,GA,6,KAREN HANDEL,REPUBLICAN,180329,397104
GEORGIA,GA,6,LUCY MCBATH,DEMOCRAT,216775,397104
GEORGIA,GA,7,CAROLYN BOURDEAUX,DEMOCRAT,190900,371464
GEORGIA,GA,7,RICH MCCORMICK,REPUBLICAN,180564,371464
GEORGIA,GA,8,AUSTIN SCOTT,REPUBLICAN,198701,308013
GEORGIA,GA,8,JAMES L COOPER III,WRITE-IN,48,308013
GEORGIA,GA,8,LINDSAY HOLLIDAY,DEMOCRAT,109264,308013
GEORGIA,GA,9,ANDREW CLYDE,REPUBLICAN,292750,372547
GEORGIA,GA,9,DEVIN PANDY,DEMOCRAT,79797,372547
GEORGIA,GA,10,JODY B HICE,REPUBLICAN,235810,378446
GEORGIA,GA,10,TABITHA JOHNSON-GREEN,DEMOCRAT,142636,378446
GEORGIA,GA,11,BARRY LOUDERMILK,REPUBLICAN,245259,405882
GEORGIA,GA,11,DANA BARRETT,DEMOCRAT,160623,405882
GEORGIA,GA,12,LIZ JOHNSON,DEMOCRAT,129061,310099
GEORGIA,GA,12,RICK W ALLEN,REPUBLICAN,181038,310099
GEORGIA,GA,13,BECKY E HITES,REPUBLICAN,81476,360582
GEORGIA,GA,13,DAVID SCOTT,DEMOCRAT,279045,360582
GEORGIA,GA,13,MARTIN COWEN,WRITE-IN,61,360582
GEORGIA,GA,14,KEVIN VAN AUSDAL,DEMOCRAT,77798,307625
GEORGIA,GA,14,MARJORIE TAYLOR GREENE,REPUBLICAN,229827,307625
HAWAII,HI,1,ED CASE,DEMOCRAT,183245,283408
HAWAII,HI,1,OVERVOTES,,68,283408
HAWAII,HI,1,RON CURTIS,REPUBLICAN,71188,283408
HAWAII,HI,1,UNDERVOTES,,28907,283408
HAWAII,HI,2,JOE AKANA,REPUBLICAN,84027,296376
HAWAII,HI,2,"JOHN ""RAGHU"" GIUFFRE",AMERICAN SHOPPING PARTY,661,296376
HAWAII,HI,2,JONATHAN HOOMANAWANUI,ALOHA AINA PARTY,6453,296376
HAWAII,HI,2,"KAIALII ""KAI"" KAHELE",DEMOCRAT,171517,296376
HAWAII,HI,2,MICHELLE ROSE TIPPENS,LIBERTARIAN,6785,296376
HAWAII,HI,2,OVERVOTES,,209,296376
HAWAII,HI,2,RON BURRUS,NONPARTISAN,2659,296376
HAWAII,HI,2,UNDERVOTES,,24065,296376
IDAHO,ID,1,JOE EVANS,LIBERTARIAN,16453,458576
IDAHO,ID,1,PRO-LIFE,WRITE-IN,7,458576
IDAHO,ID,1,RUDY SOTO,DEMOCRAT,131380,458576
IDAHO,ID,1,RUSS FULCHER,REPUBLICAN,310736,458576
IDAHO,ID,2,C AARON SWISHER,DEMOCRAT,124151,391333
IDAHO,ID,2,IDAHO SIERRA LAW,LIBERTARIAN,7940,391333
IDAHO,ID,2,MICHAEL K SIMPSON,REPUBLICAN,250669,391333
IDAHO,ID,2,PRO-LIFE,CONSTITUTION,8573,391333
ILLINOIS,IL,1,BOBBY L RUSH,DEMOCRAT,239943,325123
ILLINOIS,IL,1,PHILANISE WHITE,REPUBLICAN,85027,325123
ILLINOIS,IL,1,RUTH PELLEGRINI,WRITE-IN,153,325123
ILLINOIS,IL,2,ROBIN L KELLY,DEMOCRAT,234896,298038
ILLINOIS,IL,2,THERESA J RABORN,REPUBLICAN,63142,298038
ILLINOIS,IL,3,MARIE NEWMAN,DEMOCRAT,172997,306848
ILLINOIS,IL,3,MIKE FRICILONE,REPUBLICAN,133851,306848
ILLINOIS,IL,4,"JESUS G ""CHUY"" GARCIA",DEMOCRAT,187219,222737
ILLINOIS,IL,4,JESUS SOLORIO,REPUBLICAN,35518,222737
ILLINOIS,IL,5,FRANK ROWDER,WRITE-IN,2,361271
ILLINOIS,IL,5,MIKE QUIGLEY,DEMOCRAT,255661,361271
ILLINOIS,IL,5,THOMAS J WILDA,GREEN,9408,361271
ILLINOIS,IL,5,TOMMY HANSON,REPUBLICAN,96200,361271
ILLINOIS,IL,6,BILL REDPATH,LIBERTARIAN,7079,404747
ILLINOIS,IL,6,JEANNE IVES,REPUBLICAN,183891,404747
ILLINOIS,IL,6,SEAN CASTEN,DEMOCRAT,213777,404747
ILLINOIS,IL,7,CRAIG CAMERON,REPUBLICAN,41390,310128
ILLINOIS,IL,7,DANNY K DAVIS,DEMOCRAT,249383,310128
ILLINOIS,IL,7,TRACY JENNINGS,INDEPENDENT,19355,310128
ILLINOIS,IL,8,PRESTON GABRIEL NELSON,LIBERTARIAN,68327,254578
ILLINOIS,IL,8,RAJA KRISHNAMOORTHI,DEMOCRAT,186251,254578
ILLINOIS,IL,9,JANICE D SCHAKOWSKY,DEMOCRAT,262045,369170
ILLINOIS,IL,9,SARGIS SANGARI,REPUBLICAN,107125,369170
ILLINOIS,IL,10,BRADLEY SCOTT SCHNEIDER,DEMOCRAT,202402,316874
ILLINOIS,IL,10,DAVID RYCH,WRITE-IN,12,316874
ILLINOIS,IL,10,JOSEPH W KOPSICK,WRITE-IN,18,316874
ILLINOIS,IL,10,VALERIE RAMIREZ MUKHERJEE,REPUBLICAN,114442,316874
ILLINOIS,IL,11,BILL FOSTER,DEMOCRAT,194557,307377
ILLINOIS,IL,11,JON HARLSON,WRITE-IN,13,307377
ILLINOIS,IL,11,RICK LAIB,REPUBLICAN,112807,307377
ILLINOIS,IL,12,MIKE BOST,REPUBLICAN,194839,322416
ILLINOIS,IL,12,RAYMOND C LENZI,DEMOCRAT,127577,322416
ILLINOIS,IL,13,BETSY DIRKSEN LONDRIGAN,DEMOCRAT,151648,333021
ILLINOIS,IL,13,RODNEY DAVIS,REPUBLICAN,181373,333021
ILLINOIS,IL,14,JIM OBERWEIS,REPUBLICAN,197835,401052
ILLINOIS,IL,14,JOSEPH MONACK,WRITE-IN,8,401052
ILLINOIS,IL,14,LAUREN UNDERWOOD,DEMOCRAT,203209,401052
ILLINOIS,IL,15,ERIKA C WEAVER,DEMOCRAT,88559,333506
ILLINOIS,IL,15,MARY MILLER,REPUBLICAN,244947,333506
ILLINOIS,IL,16,ADAM KINZINGER,REPUBLICAN,218839,338159
ILLINOIS,IL,16,BRADEN MCCULLOUGH,WRITE-IN,4,338159
ILLINOIS,IL,16,DANI BRZOZOWSKI,DEMOCRAT,119313,338159
ILLINOIS,IL,16,ROY JONES,WRITE-IN,3,338159
ILLINOIS,IL,17,CHERI BUSTOS,DEMOCRAT,156011,299895
ILLINOIS,IL,17,ESTHER JOY KING,REPUBLICAN,143863,299895
ILLINOIS,IL,17,"GENERAL PARKER ""THE GENERAL""",WRITE-IN,21,299895
ILLINOIS,IL,18,DARIN LAHOOD,REPUBLICAN,261840,371879
ILLINOIS,IL,18,GEORGE PETRILLI,DEMOCRAT,110039,371879
INDIANA,IN,1,FRANK J MRVAN,DEMOCRAT,185180,326948
INDIANA,IN,1,MARK LEYVA,REPUBLICAN,132247,326948
INDIANA,IN,1,MICHAEL STRAUSS,LIBERTARIAN,9521,326948
INDIANA,IN,2,JACKIE WALORSKI,REPUBLICAN,183601,298568
INDIANA,IN,2,"PATRICIA ""PAT"" HACKETT",DEMOCRAT,114967,298568
INDIANA,IN,3,CHIP COLDIRON,DEMOCRAT,104762,325751
INDIANA,IN,3,JIM BANKS,REPUBLICAN,220989,325751
INDIANA,IN,4,JAMES R BAIRD,REPUBLICAN,225531,338515
INDIANA,IN,4,JOE MACKEY,DEMOCRAT,112984,338515
INDIANA,IN,5,CHRISTINA HALE,DEMOCRAT,191226,416226
INDIANA,IN,5,KENNETH TUCKER,LIBERTARIAN,16788,416226
INDIANA,IN,5,VICTORIA SPARTZ,REPUBLICAN,208212,416226
INDIANA,IN,6,GREG PENCE,REPUBLICAN,225319,328213
INDIANA,IN,6,JEANNINE LEE LAKE,DEMOCRAT,91103,328213
INDIANA,IN,6,TOM FERKINHOFF,LIBERTARIAN,11791,328213
INDIANA,IN,7,ANDRE CARSON,DEMOCRAT,176422,282568
INDIANA,IN,7,SUSAN MARIE SMITH,REPUBLICAN,106146,282568
INDIANA,IN,8,E THOMASINA MARSILI,DEMOCRAT,95691,320617
INDIANA,IN,8,JAMES D RODENBERGER,LIBERTARIAN,10283,320617
INDIANA,IN,8,LARRY BUCSHON,REPUBLICAN,214643,320617
INDIANA,IN,9,ANDY RUFF,DEMOCRAT,122566,359038
INDIANA,IN,9,TONYA L MILLIS,LIBERTARIAN,14415,359038
INDIANA,IN,9,TREY HOLLINGSWORTH,REPUBLICAN,222057,359038
IOWA,IA,1,ABBY FINKENAUER,DEMOCRAT,201347,423971
IOWA,IA,1,ASHLEY HINSON,REPUBLICAN,212088,423971
IOWA,IA,1,OVERVOTES,,150,423971
IOWA,IA,1,UNDERVOTES,,9952,423971
IOWA,IA,1,WRITEIN,,434,423971
IOWA,IA,2,MARIANNETTE MILLER-MEEKS,REPUBLICAN,196964,413989
IOWA,IA,2,OVERVOTES,,175,413989
IOWA,IA,2,RITA R HART,DEMOCRAT,196958,413989
IOWA,IA,2,UNDERVOTES,,19189,413989
IOWA,IA,2,WRITEIN,,703,413989
IOWA,IA,3,BRYAN JACK HOLDER,LIBERTARIAN,15361,460813
IOWA,IA,3,CYNTHIA AXNE,DEMOCRAT,219205,460813
IOWA,IA,3,DAVID YOUNG,REPUBLICAN,212997,460813
IOWA,IA,3,OVERVOTES,,218,460813
IOWA,IA,3,UNDERVOTES,,12648,460813
IOWA,IA,3,WRITEIN,,384,460813
IOWA,IA,4,J D SCHOLTEN,DEMOCRAT,144761,401495
IOWA,IA,4,OVERVOTES,,125,401495
IOWA,IA,4,RANDY FEENSTRA,REPUBLICAN,237369,401495
IOWA,IA,4,UNDERVOTES,,18348,401495
IOWA,IA,4,WRITEIN,,892,401495
KANSAS,KS,1,KALI BARNETT,DEMOCRAT,84393,292622
KANSAS,KS,1,TRACEY MANN,REPUBLICAN,208229,292622
KANSAS,KS,2,JAKE LATURNER,REPUBLICAN,185464,336315
KANSAS,KS,2,MICHELLE DE LA ISLA,DEMOCRAT,136650,336315
KANSAS,KS,2,ROBERT GARRARD,LIBERTARIAN,14201,336315
KANSAS,KS,3,AMANDA L ADKINS,REPUBLICAN,178773,410418
KANSAS,KS,3,SHARICE DAVIDS,DEMOCRAT,220049,410418
KANSAS,KS,3,STEVEN A HOHE,LIBERTARIAN,11596,410418
KANSAS,KS,4,LAURA LOMBARD,DEMOCRAT,116166,319598
KANSAS,KS,4,RON ESTES,REPUBLICAN,203432,319598
KENTUCKY,KY,1,JAMES COMER,REPUBLICAN,246329,328470
KENTUCKY,KY,1,JAMES RHODES,DEMOCRAT,82141,328470
KENTUCKY,KY,2,BRETT GUTHRIE,REPUBLICAN,255735,360399
KENTUCKY,KY,2,HANK LINDERMAN,DEMOCRAT,94643,360399
KENTUCKY,KY,2,LEWIS CARTER,POPULIST PARTY,2431,360399
KENTUCKY,KY,2,POET J TRIBBLE,WRITE-IN,2,360399
KENTUCKY,KY,2,ROBERT LEE PERRY,LIBERTARIAN,7588,360399
KENTUCKY,KY,3,JOHN A YARMUTH,DEMOCRAT,230672,368097
KENTUCKY,KY,3,RHONDA PALAZZO,REPUBLICAN,137425,368097
KENTUCKY,KY,4,ALEXANDRA OWENSBY,DEMOCRAT,125896,382509
KENTUCKY,KY,4,THOMAS MASSIE,REPUBLICAN,256613,382509
KENTUCKY,KY,5,HAROLD ROGERS,REPUBLICAN,250914,297970
KENTUCKY,KY,5,MATTHEW RYAN BEST,DEMOCRAT,47056,297970
KENTUCKY,KY,6,ANDY BARR,REPUBLICAN,216948,378450
KENTUCKY,KY,6,FRANK HARRIS,LIBERTARIAN,6491,378450
KENTUCKY,KY,6,JOSH HICKS,DEMOCRAT,155011,378450
LOUISIANA,LA,1,HOWARD KEARNEY,LIBERTARIAN,9309,374369
LOUISIANA,LA,1,LEE ANN DUGAS,DEMOCRAT,94730,374369
LOUISIANA,LA,1,STEVE SCALISE,REPUBLICAN,270330,374369
LOUISIANA,LA,2,"BELDEN ""NOONIE MAN"" BATISTE",INDEPENDENT,12268,316982
LOUISIANA,LA,2,CEDRIC L RICHMOND,DEMOCRAT,201636,316982
LOUISIANA,LA,2,COLBY JAMES,INDEPENDENT,6254,316982
LOUISIANA,LA,2,DAVID M SCHILLING,REPUBLICAN,47575,316982
LOUISIANA,LA,2,GLENN ADRAIN HARRIS,DEMOCRAT,33684,316982
LOUISIANA,LA,2,SHELDON C VINCENT SR,REPUBLICAN,15565,316982
LOUISIANA,LA,3,"""ROB"" ANDERSON",DEMOCRAT,39423,340120
LOUISIANA,LA,3,BRANDON LELEUX,LIBERTARIAN,9365,340120
LOUISIANA,LA,3,BRAYLON HARRIS,DEMOCRAT,60852,340120
LOUISIANA,LA,3,CLAY HIGGINS,REPUBLICAN,230480,340120
LOUISIANA,LA,4,BEN GIBSON,REPUBLICAN,19343,306578
LOUISIANA,LA,4,KENNY HOUSTON,DEMOCRAT,78157,306578
LOUISIANA,LA,4,MIKE JOHNSON,REPUBLICAN,185265,306578
LOUISIANA,LA,4,RYAN TRUNDLE,DEMOCRAT,23813,306578
LOUISIANA,LA,5,"""MATT"" HASTY",REPUBLICAN,9834,435090
LOUISIANA,LA,5,"""SCOTTY"" ROBINSON",REPUBLICAN,23887,435090
LOUISIANA,LA,5,ALLEN GUILLORY SR,REPUBLICAN,22496,435090
LOUISIANA,LA,5,JESSE P LAGARDE,DEMOCRAT,7136,435090
LOUISIANA,LA,5,LANCE HARRIS,REPUBLICAN,130124,435090
LOUISIANA,LA,5,LUKE J LETLOW,REPUBLICAN,149183,435090
LOUISIANA,LA,5,MARTIN LEMELLE JR,DEMOCRAT,32186,435090
LOUISIANA,LA,5,PHILLIP SNOWDEN,DEMOCRAT,9432,435090
LOUISIANA,LA,5,"SANDRA ""CANDY"" CHRISTOPHE",DEMOCRAT,50812,435090
LOUISIANA,LA,6,"DARTANYON ""DAW"" WILLIAMS",DEMOCRAT,95541,373996
LOUISIANA,LA,6,GARRET GRAVES,REPUBLICAN,265706,373996
LOUISIANA,LA,6,"RICHARD ""RPT"" TORREGANO",NO PARTY,3017,373996
LOUISIANA,LA,6,SHANNON SLOAN,LIBERTARIAN,9732,373996
MAINE,ME,1,CHELLIE PINGREE,DEMOCRAT,271004,447981
MAINE,ME,1,JAY T ALLEN,REPUBLICAN,165008,447981
MAINE,ME,1,UNDERVOTES,,11954,447981
MAINE,ME,1,WRITEIN,,15,447981
MAINE,ME,2,DALE JOHN CRAFTS,REPUBLICAN,175228,380324
MAINE,ME,2,JARED F GOLDEN,DEMOCRAT,197974,380324
MAINE,ME,2,UNDERVOTES,,7089,380324
MAINE,ME,2,WRITEIN,,33,380324
MARYLAND,MD,1,ANDY HARRIS,REPUBLICAN,250901,395524
MARYLAND,MD,1,MIA MASON,DEMOCRAT,143877,395524
MARYLAND,MD,1,WRITEIN,,746,395524
MARYLAND,MD,2,C A DUTCH RUPPERSBERGER,DEMOCRAT,224836,332026
MARYLAND,MD,2,JOHNNY RAY SALLING,REPUBLICAN,106355,332026
MARYLAND,MD,2,WRITEIN,,835,332026
MARYLAND,MD,3,CHARLES ANTHONY,REPUBLICAN,112117,373206
MARYLAND,MD,3,JOHN P SARBANES,DEMOCRAT,260358,373206
MARYLAND,MD,3,WRITEIN,,731,373206
MARYLAND,MD,4,ANTHONY G BROWN,DEMOCRAT,282119,354529
MARYLAND,MD,4,GEORGE E MCDERMOTT,REPUBLICAN,71671,354529
MARYLAND,MD,4,WRITEIN,,739,354529
MARYLAND,MD,5,CHRIS PALOMBI,REPUBLICAN,123525,398839
MARYLAND,MD,5,STENY H HOYER,DEMOCRAT,274210,398839
MARYLAND,MD,5,WRITEIN,,1104,398839
MARYLAND,MD,6,DAVID J TRONE,DEMOCRAT,215540,366434
MARYLAND,MD,6,GEORGE GLUCK,GREEN,6893,366434
MARYLAND,MD,6,JASON HERRICK,WRITE-IN (UNAFFILIATED),46,366434
MARYLAND,MD,6,NEIL C PARROTT,REPUBLICAN,143599,366434
MARYLAND,MD,6,WRITEIN,,356,366434
MARYLAND,MD,7,CHARLES U SMITH,WRITE-IN (DEMOCRATIC),21,330998
MARYLAND,MD,7,KIMBERLY KLACIK,REPUBLICAN,92825,330998
MARYLAND,MD,7,KWEISI MFUME,DEMOCRAT,237084,330998
MARYLAND,MD,7,RAY BLY,WRITE-IN (REPUBLICAN),16,330998
MARYLAND,MD,7,WRITEIN,,1052,330998
MARYLAND,MD,8,GREGORY THOMAS COLL,REPUBLICAN,127157,402614
MARYLAND,MD,8,JAMIE RASKIN,DEMOCRAT,274716,402614
MARYLAND,MD,8,LIH YOUNG,WRITE-IN,27,402614
MARYLAND,MD,8,WRITEIN,,714,402614
MASSACHUSETTS,MA,1,ALEX B MORSE,WRITE-IN,1274,372716
MASSACHUSETTS,MA,1,RICHARD E NEAL,DEMOCRAT,275376,372716
MASSACHUSETTS,MA,1,UNDERVOTES,,87384,372716
MASSACHUSETTS,MA,1,WRITEIN,,8682,372716
MASSACHUSETTS,MA,2,JAMES P MCGOVERN,DEMOCRAT,249854,394084
MASSACHUSETTS,MA,2,TRACY LYN LOVVORN,REPUBLICAN,132220,394084
MASSACHUSETTS,MA,2,UNDERVOTES,,11632,394084
MASSACHUSETTS,MA,2,WRITEIN,,378,394084
MASSACHUSETTS,MA,3,LORI TRAHAN,DEMOCRAT,286896,388210
MASSACHUSETTS,MA,3,UNDERVOTES,,94671,388210
MASSACHUSETTS,MA,3,WRITEIN,,6643,388210
MASSACHUSETTS,MA,4,JAKE AUCHINCLOSS,DEMOCRAT,251102,434533
MASSACHUSETTS,MA,4,JULIE A HALL,REPUBLICAN,160474,434533
MASSACHUSETTS,MA,4,UNDERVOTES,,21710,434533
MASSACHUSETTS,MA,4,WRITEIN,,1247,434533
MASSACHUSETTS,MA,5,CAROLINE COLARUSSO,REPUBLICAN,101351,413371
MASSACHUSETTS,MA,5,KATHERINE M CLARK,DEMOCRAT,294427,413371
MASSACHUSETTS,MA,5,UNDERVOTES,,17188,413371
MASSACHUSETTS,MA,5,WRITEIN,,405,413371
MASSACHUSETTS,MA,6,JOHN PAUL MORAN,REPUBLICAN,150695,452574
MASSACHUSETTS,MA,6,SETH MOULTON,DEMOCRAT,286377,452574
MASSACHUSETTS,MA,6,UNDERVOTES,,14897,452574
MASSACHUSETTS,MA,6,WRITEIN,,605,452574
MASSACHUSETTS,MA,7,AYANNA PRESSLEY,DEMOCRAT,267362,326837
MASSACHUSETTS,MA,7,CLAUDETTE N JOSEPH,WRITE-IN,1,326837
MASSACHUSETTS,MA,7,RACHEL NICOLE MISELMAN,WRITE-IN,11,326837
MASSACHUSETTS,MA,7,RAYLA DANELLA CAMPBELL,WRITE-IN,695,326837
MASSACHUSETTS,MA,7,ROY A OWENS SR,UNENROLLED,38675,326837
MASSACHUSETTS,MA,7,UNDERVOTES,,18187,326837
MASSACHUSETTS,MA,7,WRITEIN,,1906,326837
MASSACHUSETTS,MA,8,JONATHAN D LOTT,UNENROLLED,72060,433545
MASSACHUSETTS,MA,8,STEPHEN F LYNCH,DEMOCRAT,310940,433545
MASSACHUSETTS,MA,8,UNDERVOTES,,48144,433545
MASSACHUSETTS,MA,8,WRITEIN,,2401,433545
MASSACHUSETTS,MA,9,HELEN BRADY,REPUBLICAN,154261,442135
MASSACHUSETTS,MA,9,MICHAEL MANLEY,UNENROLLED,9717,442135
MASSACHUSETTS,MA,9,UNDERVOTES,,17534,442135
MASSACHUSETTS,MA,9,WILLIAM R KEATING,DEMOCRAT,260262,442135
MASSACHUSETTS,MA,9,WRITEIN,,361,442135
MICHIGAN,MI,1,BEN BOREN,LIBERTARIAN,6310,416219
MICHIGAN,MI,1,DANA FERGUSON,DEMOCRAT,153328,416219
MICHIGAN,MI,1,JACK BERGMAN,REPUBLICAN,256581,416219
MICHIGAN,MI,2,BILL HUIZENGA,REPUBLICAN,238711,403247
MICHIGAN,MI,2,BRYAN BERGHOEF,DEMOCRAT,154122,403247
MICHIGAN,MI,2,GERALD T VAN SICKLE,U.S. TAXPAYERS,2476,403247
MICHIGAN,MI,2,JEAN-MICHEL CREVIERE,GREEN,2646,403247
MICHIGAN,MI,2,MAX RIEKSE,LIBERTARIAN,5292,403247
MICHIGAN,MI,3,HILLARY SCHOLTEN,DEMOCRAT,189769,403419
MICHIGAN,MI,3,PETER MEIJER,REPUBLICAN,213649,403419
MICHIGAN,MI,3,RICHARD DAVID FUENTES,WRITE-IN,1,403419
MICHIGAN,MI,4,AMY SLEPR,GREEN,4448,373245
MICHIGAN,MI,4,DAVID CANNY,LIBERTARIAN,5374,373245
MICHIGAN,MI,4,JERRY HILLIARD,DEMOCRAT,120802,373245
MICHIGAN,MI,4,JOHN R MOOLENAAR,REPUBLICAN,242621,373245
MICHIGAN,MI,5,DANIEL T KILDEE,DEMOCRAT,196599,361032
MICHIGAN,MI,5,JAMES HARRIS,LIBERTARIAN,5481,361032
MICHIGAN,MI,5,KATHY GOODWIN,WORKING CLASS,8180,361032
MICHIGAN,MI,5,TIM KELLY,REPUBLICAN,150772,361032
MICHIGAN,MI,6,FRED UPTON,REPUBLICAN,211496,378980
MICHIGAN,MI,6,JEFF DEPOY,LIBERTARIAN,10399,378980
MICHIGAN,MI,6,JERRY SOLIS,WRITE-IN,560,378980
MICHIGAN,MI,6,JOHN LAWRENCE,GREEN,4440,378980
MICHIGAN,MI,6,JON HOADLEY,DEMOCRAT,152085,378980
MICHIGAN,MI,7,GRETCHEN D DRISKELL,DEMOCRAT,159743,387267
MICHIGAN,MI,7,TIM WALBERG,REPUBLICAN,227524,387267
MICHIGAN,MI,8,ELISSA SLOTKIN,DEMOCRAT,217922,428344
MICHIGAN,MI,8,JOE HARTMAN,LIBERTARIAN,7897,428344
MICHIGAN,MI,8,PAUL JUNGE,REPUBLICAN,202525,428344
MICHIGAN,MI,9,ANDREA L KIRBY,WORKING CLASS,8970,399117
MICHIGAN,MI,9,ANDY LEVIN,DEMOCRAT,230318,399117
MICHIGAN,MI,9,CHARLES J LANGWORTHY,REPUBLICAN,153296,399117
MICHIGAN,MI,9,DOUGLAS ALLEN TROSZAK,WRITE-IN,1,399117
MICHIGAN,MI,9,MIKE SALIBA,LIBERTARIAN,6532,399117
MICHIGAN,MI,10,KIMBERLY BIZON,DEMOCRAT,138179,409786
MICHIGAN,MI,10,LISA MCCLAIN,REPUBLICAN,271607,409786
MICHIGAN,MI,11,ERIC S ESSHAKI,REPUBLICAN,215405,450473
MICHIGAN,MI,11,FRANK ACOSTA,WRITE-IN,4,450473
MICHIGAN,MI,11,HALEY M STEVENS,DEMOCRAT,226128,450473
MICHIGAN,MI,11,LEONARD SCHWARTZ,LIBERTARIAN,8936,450473
MICHIGAN,MI,12,DEBBIE DINGELL,DEMOCRAT,254957,383823
MICHIGAN,MI,12,GARY WALKOWICZ,WORKING CLASS,11147,383823
MICHIGAN,MI,12,JEFF JONES,REPUBLICAN,117719,383823
MICHIGAN,MI,13,ARTICIA BOMER,U.S. TAXPAYERS,1974,285885
MICHIGAN,MI,13,D ETTA WILCOXON,GREEN,2105,285885
MICHIGAN,MI,13,DAVID DUDENHOEFER,REPUBLICAN,53311,285885
MICHIGAN,MI,13,DONALD EASON,WRITE-IN,6,285885
MICHIGAN,MI,13,RASHIDA TLAIB,DEMOCRAT,223205,285885
MICHIGAN,MI,13,SAM JOHNSON,WORKING CLASS,5284,285885
MICHIGAN,MI,14,BRENDA L LAWRENCE,DEMOCRAT,271370,342303
MICHIGAN,MI,14,CLYDE K SHABAZZ,GREEN,1998,342303
MICHIGAN,MI,14,LISA LANE GIOIA,LIBERTARIAN,3737,342303
MICHIGAN,MI,14,PHILIP KOLODY,WORKING CLASS,2534,342303
MICHIGAN,MI,14,ROBERT VANCE PATRICK,REPUBLICAN,62664,342303
MINNESOTA,MN,1,BILL ROOD,GRASSROOTS - LEGALIZE CANNABIS,21448,368856
MINNESOTA,MN,1,DAN FEEHAN,DEMOCRATIC-FARMER-LABOR,167890,368856
MINNESOTA,MN,1,JIM HAGEDORN,REPUBLICAN,179234,368856
MINNESOTA,MN,1,WRITEIN,,284,368856
MINNESOTA,MN,2,ADAM CHARLES WEEKS,LEGAL MARIJUANA NOW,24751,424512
MINNESOTA,MN,2,ANGIE CRAIG,DEMOCRAT,204534,424512
MINNESOTA,MN,2,TYLER KISTNER,REPUBLICAN,194954,424512
MINNESOTA,MN,2,WRITEIN,,273,424512
MINNESOTA,MN,3,DEAN PHILLIPS,DEMOCRAT,246666,443603
MINNESOTA,MN,3,KENDALL QUALLS,REPUBLICAN,196625,443603
MINNESOTA,MN,3,WRITEIN,,312,443603
MINNESOTA,MN,4,BETTY MCCOLLUM,DEMOCRAT,245813,389114
MINNESOTA,MN,4,GENE RECHTZIGEL,REPUBLICAN,112730,389114
MINNESOTA,MN,4,SUSAN SINDT,GRASSROOTS - LEGALIZE CANNABIS,29537,389114
MINNESOTA,MN,4,WRITEIN,,1034,389114
MINNESOTA,MN,5,ILHAN OMAR,DEMOCRAT,255924,398229
MINNESOTA,MN,5,LACY JOHNSON,REPUBLICAN,102878,398229
MINNESOTA,MN,5,MICHAEL MOORE,LEGAL MARIJUANA NOW,37979,398229
MINNESOTA,MN,5,WRITEIN,,1448,398229
MINNESOTA,MN,6,TAWNJA ZAHRADKA,DEMOCRATIC-FARMER-LABOR,140853,412307
MINNESOTA,MN,6,TOM EMMER,REPUBLICAN,270901,412307
MINNESOTA,MN,6,WRITEIN,,553,412307
MINNESOTA,MN,7,COLLIN C PETERSON,DEMOCRAT,144840,363477
MINNESOTA,MN,7,MICHELLE FISCHBACH,REPUBLICAN,194066,363477
MINNESOTA,MN,7,RAE HART ANDERSON,GRASSROOTS - LEGALIZE CANNABIS,6499,363477
MINNESOTA,MN,7,SLATER JOHNSON,LEGAL MARIJUANA NOW,17710,363477
MINNESOTA,MN,7,WRITEIN,,362,363477
MINNESOTA,MN,8,JUDITH SCHWARTZBACKER,GRASSROOTS - LEGALIZE CANNABIS,22190,393711
MINNESOTA,MN,8,PETE STAUBER,REPUBLICAN,223432,393711
MINNESOTA,MN,8,QUINN NYSTROM,DEMOCRATIC-FARMER-LABOR,147853,393711
MINNESOTA,MN,8,WRITEIN,,236,393711
MISSISSIPPI,MS,1,ANTONIA ELIASON,DEMOCRAT,104008,332795
MISSISSIPPI,MS,1,TRENT KELLY,REPUBLICAN,228787,332795
MISSISSIPPI,MS,2,BENNIE G THOMPSON,DEMOCRAT,196224,297234
MISSISSIPPI,MS,2,BRIAN FLOWERS,REPUBLICAN,101010,297234
MISSISSIPPI,MS,3,"DOROTHY ""DOT"" BENFORD",DEMOCRAT,120782,341846
MISSISSIPPI,MS,3,MICHAEL GUEST,REPUBLICAN,221064,341846
MISSISSIPPI,MS,4,STEVEN M PALAZZO,REPUBLICAN,255971,255971
MISSOURI,MO,1,ALEX FURMAN,LIBERTARIAN,6766,316171
MISSOURI,MO,1,ANTHONY ROGERS,REPUBLICAN,59940,316171
MISSOURI,MO,1,CORI BUSH,DEMOCRAT,249087,316171
MISSOURI,MO,1,MARTIN D BAKER,WRITE-IN,378,316171
MISSOURI,MO,2,ANN WAGNER,REPUBLICAN,233157,449348
MISSOURI,MO,2,GINA BUFE,WRITE-IN,4,449348
MISSOURI,MO,2,JILL SCHUPP,DEMOCRAT,204540,449348
MISSOURI,MO,2,MARTIN SCHULTE,LIBERTARIAN,11647,449348
MISSOURI,MO,3,BLAINE LUETKEMEYER,REPUBLICAN,282866,407348
MISSOURI,MO,3,LEONARD J STEINMAN II,LIBERTARIAN,8344,407348
MISSOURI,MO,3,MEGAN REZABEK,DEMOCRAT,116095,407348
MISSOURI,MO,3,"THOMAS ""TOM"" CLAPP",WRITE-IN,43,407348
MISSOURI,MO,4,LINDSEY SIMMONS,DEMOCRAT,107635,362836
MISSOURI,MO,4,STEVEN K KOONSE,LIBERTARIAN,9954,362836
MISSOURI,MO,4,VICKY HARTZLER,REPUBLICAN,245247,362836
MISSOURI,MO,5,ANTWAIN WINTERS,WRITE-IN,41,352430
MISSOURI,MO,5,BILLY BALLARD,WRITE-IN,1,352430
MISSOURI,MO,5,EMANUEL CLEAVER,DEMOCRAT,207180,352430
MISSOURI,MO,5,EMMANUEL DORN,WRITE-IN,2,352430
MISSOURI,MO,5,ROBIN DOMINICK,LIBERTARIAN,9272,352430
MISSOURI,MO,5,RYAN DERKS,REPUBLICAN,135934,352430
MISSOURI,MO,6,GENA L ROSS,DEMOCRAT,118926,385779
MISSOURI,MO,6,JIM HIGGINS,LIBERTARIAN,8144,385779
MISSOURI,MO,6,SAM GRAVES,REPUBLICAN,258709,385779
MISSOURI,MO,7,AUDREY RICHARDS,WRITE-IN,1279,369283
MISSOURI,MO,7,BILLY LONG,REPUBLICAN,254318,369283
MISSOURI,MO,7,DENNIS DAVIS,WRITE-IN,2,369283
MISSOURI,MO,7,KEVIN CRAIG,LIBERTARIAN,15573,369283
MISSOURI,MO,7,TERESA MONTSENY,DEMOCRAT,98111,369283
MISSOURI,MO,8,JASON SMITH,REPUBLICAN,253811,330226
MISSOURI,MO,8,KATHY ELLIS,DEMOCRAT,70561,330226
MISSOURI,MO,8,TOM SCHMITZ,LIBERTARIAN,5854,330226
MONTANA,MT,0,KATHLEEN WILLIAMS,DEMOCRAT,262340,601509
MONTANA,MT,0,MATT ROSENDALE,REPUBLICAN,339169,601509
NEBRASKA,NE,1,DENNIS B GRACE,LIBERTARIAN,8938,317566
NEBRASKA,NE,1,JEFF FORTENBERRY,REPUBLICAN,189006,317566
NEBRASKA,NE,1,KATE BOLZ,DEMOCRAT,119622,317566
NEBRASKA,NE,2,DON BACON,REPUBLICAN,171071,336962
NEBRASKA,NE,2,KARA EASTMAN,DEMOCRAT,155706,336962
NEBRASKA,NE,2,TYLER SCHAEFFER,LIBERTARIAN,10185,336962
NEBRASKA,NE,3,ADRIAN SMITH,REPUBLICAN,225157,286770
NEBRASKA,NE,3,DUSTIN C HOBBS,LIBERTARIAN,10923,286770
NEBRASKA,NE,3,MARK ELWORTH JR,DEMOCRAT,50690,286770
NEVADA,NV,1,DINA TITUS,DEMOCRAT,137868,223213
NEVADA,NV,1,JOYCE BENTLEY,REPUBLICAN,74490,223213
NEVADA,NV,1,KAMAU BAKARI,INDEPENDENT AMERICAN,6190,223213
NEVADA,NV,1,ROBERT VAN STRAWDER JR,LIBERTARIAN,4665,223213
NEVADA,NV,2,JANINE HANSEN,INDEPENDENT AMERICAN,10815,382673
NEVADA,NV,2,MARK E AMODEI,REPUBLICAN,216078,382673
NEVADA,NV,2,PATRICIA ACKERMAN,DEMOCRAT,155780,382673
NEVADA,NV,3,"DAN ""BIG DAN"" RODIMER",REPUBLICAN,190975,417252
NEVADA,NV,3,ED S BRIDGES II,INDEPENDENT AMERICAN,10541,417252
NEVADA,NV,3,STEVE BROWN,LIBERTARIAN,12315,417252
NEVADA,NV,3,SUSIE LEE,DEMOCRAT,203421,417252
NEVADA,NV,4,BARRY L RUBINSON,INDEPENDENT AMERICAN,3750,332469
NEVADA,NV,4,JIM MARCHANT,REPUBLICAN,152284,332469
NEVADA,NV,4,JONATHAN ROYCE ESTEBAN,LIBERTARIAN,7978,332469
NEVADA,NV,4,STEVEN HORSFORD,DEMOCRAT,168457,332469
NEW HAMPSHIRE,NH,1,CHRIS PAPPAS,DEMOCRAT,205606,400661
NEW HAMPSHIRE,NH,1,MATT MOWERS,REPUBLICAN,185159,400661
NEW HAMPSHIRE,NH,1,WRITEIN,,149,400661
NEW HAMPSHIRE,NH,1,ZACHARY S DUMONT,LIBERTARIAN,9747,400661
NEW HAMPSHIRE,NH,2,ANDREW OLDING,LIBERTARIAN,9119,386441
NEW HAMPSHIRE,NH,2,ANN M KUSTER,DEMOCRAT,208289,386441
NEW HAMPSHIRE,NH,2,STEVEN NEGRON,REPUBLICAN,168886,386441
NEW HAMPSHIRE,NH,2,WRITEIN,,147,386441
NEW JERSEY,NJ,1,CLAIRE H GUSTAFSON,REPUBLICAN,144463,385030
NEW JERSEY,NJ,1,DONALD NORCROSS,DEMOCRAT,240567,385030
NEW JERSEY,NJ,2,AMY KENNEDY,DEMOCRAT,173849,376547
NEW JERSEY,NJ,2,JEFFERSON VAN DREW,REPUBLICAN,195526,376547
NEW JERSEY,NJ,2,JENNA HARVEY,JUSTICE MERCY HUMILITY,4136,376547
NEW JERSEY,NJ,2,JESSE EHRNSTROM,LIBERTARIAN,3036,376547
NEW JERSEY,NJ,3,ANDY KIM,DEMOCRAT,229840,431762
NEW JERSEY,NJ,3,DAVID RICHTER,REPUBLICAN,196327,431762
NEW JERSEY,NJ,3,MARTIN WEBER,FOR THE PEOPLE,3724,431762
NEW JERSEY,NJ,3,ROBERT SHAPIRO,INDEPENDENT CONSTITUTIONAL CANDIDATE,1871,431762
NEW JERSEY,NJ,4,ANDREW PACHUTA,COMMON SENSE PARTY,2067,424368
NEW JERSEY,NJ,4,CHRISTOPHER H SMITH,REPUBLICAN,254103,424368
NEW JERSEY,NJ,4,HANK SCHROEDER,MAKE CHANGE HAPPEN,3195,424368
NEW JERSEY,NJ,4,MICHAEL J RUFO,LIBERTARIAN,2583,424368
NEW JERSEY,NJ,4,STEPHANIE SCHMID,DEMOCRAT,162420,424368
NEW JERSEY,NJ,5,FRANK T PALLOTTA,REPUBLICAN,193333,423636
NEW JERSEY,NJ,5,JOSH GOTTHEIMER,DEMOCRAT,225175,423636
NEW JERSEY,NJ,5,LOUIS A VELLUCCI,AMERICAN VALUES,5128,423636
NEW JERSEY,NJ,6,CHRISTIAN ONUOHA,REPUBLICAN,126760,326408
NEW JERSEY,NJ,6,FRANK PALLONE JR,DEMOCRAT,199648,326408
NEW JERSEY,NJ,7,THOMAS H KEAN JR,REPUBLICAN,214318,433947
NEW JERSEY,NJ,7,TOM MALINOWSKI,DEMOCRAT,219629,433947
NEW JERSEY,NJ,8,ALBIO SIRES,DEMOCRAT,176758,238773
NEW JERSEY,NJ,8,DAN DELANEY,LIBERTARIAN,3329,238773
NEW JERSEY,NJ,8,JASON TODD MUSHNICK,REPUBLICAN,58686,238773
NEW JERSEY,NJ,9,BILL PASCRELL JR,DEMOCRAT,203674,309542
NEW JERSEY,NJ,9,BILLY PREMPEH,REPUBLICAN,98629,309542
NEW JERSEY,NJ,9,CHRIS AURIEMMA,VETERAN FOR CHANGE,7239,309542
NEW JERSEY,NJ,10,AKIL KHALFANI,NO SLOGAN FILED,3537,290009
NEW JERSEY,NJ,10,DONALD M PAYNE JR,DEMOCRAT,241522,290009
NEW JERSEY,NJ,10,JENNIFER ZINONE,REPUBLICAN,40298,290009
NEW JERSEY,NJ,10,JOHN MIRRIONE,LIBERTARIAN,1172,290009
NEW JERSEY,NJ,10,KHALIAH FITCHETTE,BUILDING YOUR LEGACY,3480,290009
NEW JERSEY,NJ,11,MIKIE SHERRILL,DEMOCRAT,235163,441176
NEW JERSEY,NJ,11,ROSEMARY BECCHI,REPUBLICAN,206013,441176
NEW JERSEY,NJ,12,BONNIE WATSON COLEMAN,DEMOCRAT,230883,351725
NEW JERSEY,NJ,12,"EDWARD ""NJ WEEDMAN"" FORCHION",NO SLOGAN FILED,4512,351725
NEW JERSEY,NJ,12,KENNETH J CODY,TRUTH VISION HOPE,1739,351725
NEW JERSEY,NJ,12,MARK RAZZOLI,REPUBLICAN,114591,351725
NEW MEXICO,NM,1,DEBRA A HAALAND,DEMOCRAT,186953,321290
NEW MEXICO,NM,1,MICHELLE GARCIA HOLMES,REPUBLICAN,134337,321290
NEW MEXICO,NM,2,STEVE JONES,WRITE-IN (INDEPENDENT),117,264946
NEW MEXICO,NM,2,XOCHITL TORRES SMALL,DEMOCRAT,122546,264946
NEW MEXICO,NM,2,YVETTE HERRELL,REPUBLICAN,142283,264946
NEW MEXICO,NM,3,ALEXIS M JOHNSON,REPUBLICAN,131166,317448
NEW MEXICO,NM,3,TERESA LEGER FERNANDEZ,DEMOCRAT,186282,317448
NEW YORK,NY,1,LEE M ZELDIN,CONSERVATIVE,21611,389014
NEW YORK,NY,1,LEE M ZELDIN,INDEPENDENCE,3249,389014
NEW YORK,NY,1,LEE M ZELDIN,REPUBLICAN,180855,389014
NEW YORK,NY,1,NANCY S GOROFF,DEMOCRAT,160978,389014
NEW YORK,NY,1,NANCY S GOROFF,WORKING FAMILIES,8316,389014
NEW YORK,NY,1,UNDERVOTES,,13773,389014
NEW YORK,NY,1,VOID,,125,389014
NEW YORK,NY,1,WRITEIN,,107,389014
NEW YORK,NY,2,ANDREW R GARBARINO,CONSERVATIVE,17434,358617
NEW YORK,NY,2,ANDREW R GARBARINO,LIBERTARIAN,1491,358617
NEW YORK,NY,2,ANDREW R GARBARINO,REPUBLICAN,158151,358617
NEW YORK,NY,2,ANDREW R GARBARINO,SERVE AMERICA MOVEMENT,303,358617
NEW YORK,NY,2,HARRY R BURGER,GREEN,3448,358617
NEW YORK,NY,2,JACKIE GORDON,DEMOCRAT,144849,358617
NEW YORK,NY,2,JACKIE GORDON,INDEPENDENCE,3017,358617
NEW YORK,NY,2,JACKIE GORDON,WORKING FAMILIES,6380,358617
NEW YORK,NY,2,UNDERVOTES,,23061,358617
NEW YORK,NY,2,VOID,,393,358617
NEW YORK,NY,2,WRITEIN,,90,358617
NEW YORK,NY,3,GEORGE AD SANTOS,CONSERVATIVE,14470,398887
NEW YORK,NY,3,GEORGE AD SANTOS,REPUBLICAN,147461,398887
NEW YORK,NY,3,HOWARD RABIN,LIBERTARIAN,2156,398887
NEW YORK,NY,3,THOMAS R SUOZZI,DEMOCRAT,196056,398887
NEW YORK,NY,3,THOMAS R SUOZZI,INDEPENDENCE,3296,398887
NEW YORK,NY,3,THOMAS R SUOZZI,WORKING FAMILIES,9203,398887
NEW YORK,NY,3,UNDERVOTES,,25762,398887
NEW YORK,NY,3,VOID,,344,398887
NEW YORK,NY,3,WRITEIN,,139,398887
NEW YORK,NY,4,DOUGLAS L TUMAN,CONSERVATIVE,13448,385015
NEW YORK,NY,4,DOUGLAS L TUMAN,REPUBLICAN,139559,385015
NEW YORK,NY,4,JOSEPH R NAHAM,GREEN,3024,385015
NEW YORK,NY,4,KATHLEEN M RICE,DEMOCRAT,199762,385015
NEW YORK,NY,4,UNDERVOTES,,28742,385015
NEW YORK,NY,4,VOID,,361,385015
NEW YORK,NY,4,WRITEIN,,119,385015
NEW YORK,NY,5,GREGORY W MEEKS,DEMOCRAT,229125,277909
NEW YORK,NY,5,UNDERVOTES,,47191,277909
NEW YORK,NY,5,VOID,,39,277909
NEW YORK,NY,5,WRITEIN,,1554,277909
NEW YORK,NY,6,GRACE MENG,DEMOCRAT,144149,249493
NEW YORK,NY,6,GRACE MENG,WORKING FAMILIES,14713,249493
NEW YORK,NY,6,THOMAS J ZMICH,CONSERVATIVE,5231,249493
NEW YORK,NY,6,THOMAS J ZMICH,LIBERTARIAN,754,249493
NEW YORK,NY,6,THOMAS J ZMICH,REPUBLICAN,67735,249493
NEW YORK,NY,6,THOMAS J ZMICH,SAVE OUR CITY,1109,249493
NEW YORK,NY,6,UNDERVOTES,,15552,249493
NEW YORK,NY,6,VOID,,27,249493
NEW YORK,NY,6,WRITEIN,,223,249493
NEW YORK,NY,7,BRIAN W KELLY,CONSERVATIVE,3116,235169
NEW YORK,NY,7,BRIAN W KELLY,REPUBLICAN,29404,235169
NEW YORK,NY,7,GILBERT MIDONNET,LIBERTARIAN,1522,235169
NEW YORK,NY,7,NYDIA M VELAZQUEZ,DEMOCRAT,156889,235169
NEW YORK,NY,7,NYDIA M VELAZQUEZ,WORKING FAMILIES,34184,235169
NEW YORK,NY,7,UNDERVOTES,,9698,235169
NEW YORK,NY,7,VOID,,18,235169
NEW YORK,NY,7,WRITEIN,,338,235169
NEW YORK,NY,8,GARFIELD H WALLACE,CONSERVATIVE,2883,285735
NEW YORK,NY,8,GARFIELD H WALLACE,REPUBLICAN,39124,285735
NEW YORK,NY,8,HAKEEM S JEFFRIES,DEMOCRAT,207111,285735
NEW YORK,NY,8,HAKEEM S JEFFRIES,WORKING FAMILIES,27822,285735
NEW YORK,NY,8,UNDERVOTES,,8556,285735
NEW YORK,NY,8,VOID,,10,285735
NEW YORK,NY,8,WRITEIN,,229,285735
NEW YORK,NY,9,CONSTANTINE JEAN-PIERRE,CONSERVATIVE,3840,287412
NEW YORK,NY,9,CONSTANTINE JEAN-PIERRE,REPUBLICAN,40110,287412
NEW YORK,NY,9,GARY POPKIN,LIBERTARIAN,1644,287412
NEW YORK,NY,9,JOEL B ANABILAH-AZUMAH,SERVE AMERICA MOVEMENT,1052,287412
NEW YORK,NY,9,UNDERVOTES,,10157,287412
NEW YORK,NY,9,VOID,,7,287412
NEW YORK,NY,9,WRITEIN,,381,287412
NEW YORK,NY,9,YVETTE D CLARKE,DEMOCRAT,195758,287412
NEW YORK,NY,9,YVETTE D CLARKE,WORKING FAMILIES,34463,287412
NEW YORK,NY,10,CATHY A BERNSTEIN,CONSERVATIVE,5844,289130
NEW YORK,NY,10,CATHY A BERNSTEIN,REPUBLICAN,61045,289130
NEW YORK,NY,10,JERROLD L NADLER,DEMOCRAT,181215,289130
NEW YORK,NY,10,JERROLD L NADLER,WORKING FAMILIES,25095,289130
NEW YORK,NY,10,MICHAEL MADRID,LIBERTARIAN,3370,289130
NEW YORK,NY,10,UNDERVOTES,,12139,289130
NEW YORK,NY,10,VOID,,15,289130
NEW YORK,NY,10,WRITEIN,,407,289130
NEW YORK,NY,11,MAX N ROSE,DEMOCRAT,134625,301351
NEW YORK,NY,11,MAX N ROSE,INDEPENDENCE,2573,301351
NEW YORK,NY,11,NICOLE MALLIOTAKIS,CONSERVATIVE,12188,301351
NEW YORK,NY,11,NICOLE MALLIOTAKIS,REPUBLICAN,143420,301351
NEW YORK,NY,11,UNDERVOTES,,8010,301351
NEW YORK,NY,11,VOID,,27,301351
NEW YORK,NY,11,WRITEIN,,508,301351
NEW YORK,NY,12,CARLOS SANTIAGO-CANO,CONSERVATIVE,3904,336079
NEW YORK,NY,12,CARLOS SANTIAGO-CANO,REPUBLICAN,49157,336079
NEW YORK,NY,12,CAROLYN B MALONEY,DEMOCRAT,265172,336079
NEW YORK,NY,12,STEVEN KOLLN,LIBERTARIAN,4015,336079
NEW YORK,NY,12,UNDERVOTES,,13047,336079
NEW YORK,NY,12,VOID,,11,336079
NEW YORK,NY,12,WRITEIN,,773,336079
NEW YORK,NY,13,ADRIANO ESPAILLAT,DEMOCRAT,202916,267236
NEW YORK,NY,13,ADRIANO ESPAILLAT,WORKING FAMILIES,28925,267236
NEW YORK,NY,13,CHRISTOPHER MORRIS-PERRY,CONSERVATIVE,3295,267236
NEW YORK,NY,13,LOVELYNN GWINN,REPUBLICAN,19829,267236
NEW YORK,NY,13,UNDERVOTES,,11854,267236
NEW YORK,NY,13,VOID,,12,267236
NEW YORK,NY,13,WRITEIN,,405,267236
NEW YORK,NY,14,ALEXANDRIA OCASIO-CORTEZ,DEMOCRAT,152661,223611
NEW YORK,NY,14,JOHN C CUMMINGS,CONSERVATIVE,5963,223611
NEW YORK,NY,14,JOHN C CUMMINGS,REPUBLICAN,52477,223611
NEW YORK,NY,14,MICHELLE CARUSO-CABRERA,SERVE AMERICA MOVEMENT,2000,223611
NEW YORK,NY,14,UNDERVOTES,,10271,223611
NEW YORK,NY,14,VOID,,17,223611
NEW YORK,NY,14,WRITEIN,,222,223611
NEW YORK,NY,15,PATRICK DELICES,CONSERVATIVE,2237,200205
NEW YORK,NY,15,PATRICK DELICES,REPUBLICAN,18984,200205
NEW YORK,NY,15,RITCHIE TORRES,DEMOCRAT,169533,200205
NEW YORK,NY,15,UNDERVOTES,,9168,200205
NEW YORK,NY,15,VOID,,0,200205
NEW YORK,NY,15,WRITEIN,,283,200205
NEW YORK,NY,16,JAMAAL BOWMAN,DEMOCRAT,218514,315156
NEW YORK,NY,16,PATRICK MCMANUS,CONSERVATIVE,41094,315156
NEW YORK,NY,16,UNDERVOTES,,55066,315156
NEW YORK,NY,16,VOID,,0,315156
NEW YORK,NY,16,WRITEIN,,482,315156
NEW YORK,NY,17,JOSHUA EISEN,EDUCATION COMMUNITY LAW,6363,359958
NEW YORK,NY,17,MAUREEN MCARDLE SCHULMAN,REPUBLICAN,117309,359958
NEW YORK,NY,17,MICHAEL I PARIETTI,SERVE AMERICA MOVEMENT,2745,359958
NEW YORK,NY,17,MONDAIRE JONES,DEMOCRAT,183976,359958
NEW YORK,NY,17,MONDAIRE JONES,WORKING FAMILIES,13378,359958
NEW YORK,NY,17,UNDERVOTES,,26667,359958
NEW YORK,NY,17,VOID,,419,359958
NEW YORK,NY,17,WRITEIN,,214,359958
NEW YORK,NY,17,YEHUDIS GOTTESFELD,CONSERVATIVE,8887,359958
NEW YORK,NY,18,CHELE C FARLEY,CONSERVATIVE,16534,358738
NEW YORK,NY,18,CHELE C FARLEY,REPUBLICAN,128611,358738
NEW YORK,NY,18,SCOTT A SMITH,LIBERTARIAN,2687,358738
NEW YORK,NY,18,SCOTT A SMITH,SERVE AMERICA MOVEMENT,477,358738
NEW YORK,NY,18,SEAN PATRICK MALONEY,DEMOCRAT,171161,358738
NEW YORK,NY,18,SEAN PATRICK MALONEY,INDEPENDENCE,3359,358738
NEW YORK,NY,18,SEAN PATRICK MALONEY,WORKING FAMILIES,12924,358738
NEW YORK,NY,18,UNDERVOTES,,22690,358738
NEW YORK,NY,18,VOID,,177,358738
NEW YORK,NY,18,WRITEIN,,118,358738
NEW YORK,NY,19,ANTONIO DELGADO,DEMOCRAT,168281,370433
NEW YORK,NY,19,ANTONIO DELGADO,SERVE AMERICA MOVEMENT,850,370433
NEW YORK,NY,19,ANTONIO DELGADO,WORKING FAMILIES,22969,370433
NEW YORK,NY,19,KYLE VAN DE WATER,REPUBLICAN,151475,370433
NEW YORK,NY,19,STEVEN GREENFIELD,GREEN,2799,370433
NEW YORK,NY,19,UNDERVOTES,,17416,370433
NEW YORK,NY,19,VICTORIA N ALEXANDER,LIBERTARIAN,4224,370433
NEW YORK,NY,19,VOID,,246,370433
NEW YORK,NY,19,WRITEIN,,2173,370433
NEW YORK,NY,20,ELIZABETH L JOY,CONSERVATIVE,17849,369372
NEW YORK,NY,20,ELIZABETH L JOY,REPUBLICAN,120839,369372
NEW YORK,NY,20,ELIZABETH L JOY,SERVE AMERICA MOVEMENT,758,369372
NEW YORK,NY,20,PAUL D TONKO,DEMOCRAT,194071,369372
NEW YORK,NY,20,PAUL D TONKO,INDEPENDENCE,5956,369372
NEW YORK,NY,20,PAUL D TONKO,WORKING FAMILIES,19678,369372
NEW YORK,NY,20,UNDERVOTES,,9818,369372
NEW YORK,NY,20,VOID,,212,369372
NEW YORK,NY,20,WRITEIN,,191,369372
NEW YORK,NY,21,ELISE M STEFANIK,CONSERVATIVE,15044,325798
NEW YORK,NY,21,ELISE M STEFANIK,INDEPENDENCE,3927,325798
NEW YORK,NY,21,ELISE M STEFANIK,REPUBLICAN,169684,325798
NEW YORK,NY,21,TEDRA L COBB,DEMOCRAT,122422,325798
NEW YORK,NY,21,TEDRA L COBB,WORKING FAMILIES,9573,325798
NEW YORK,NY,21,UNDERVOTES,,4899,325798
NEW YORK,NY,21,VOID,,111,325798
NEW YORK,NY,21,WRITEIN,,138,325798
NEW YORK,NY,22,ANTHONY J BRINDISI,DEMOCRAT,138898,326568
NEW YORK,NY,22,ANTHONY J BRINDISI,INDEPENDENCE,5903,326568
NEW YORK,NY,22,ANTHONY J BRINDISI,WORKING FAMILIES,11188,326568
NEW YORK,NY,22,CLAUDIA TENNEY,CONSERVATIVE,12807,326568
NEW YORK,NY,22,CLAUDIA TENNEY,REPUBLICAN,143291,326568
NEW YORK,NY,22,KEITH D PRICE JR,LIBERTARIAN,6780,326568
NEW YORK,NY,22,UNDERVOTES,,6785,326568
NEW YORK,NY,22,VOID,,145,326568
NEW YORK,NY,22,WRITEIN,,771,326568
NEW YORK,NY,23,ANDREW M KOLSTEE,LIBERTARIAN,3650,323865
NEW YORK,NY,23,TOM REED,CONSERVATIVE,15512,323865
NEW YORK,NY,23,TOM REED,INDEPENDENCE,3709,323865
NEW YORK,NY,23,TOM REED,REPUBLICAN,161800,323865
NEW YORK,NY,23,TRACY MITRANO,DEMOCRAT,116025,323865
NEW YORK,NY,23,TRACY MITRANO,WORKING FAMILIES,12951,323865
NEW YORK,NY,23,UNDERVOTES,,9913,323865
NEW YORK,NY,23,VOID,,187,323865
NEW YORK,NY,23,WRITEIN,,118,323865
NEW YORK,NY,24,DANA BALTER,DEMOCRAT,147877,352683
NEW YORK,NY,24,JOHN M KATKO,CONSERVATIVE,21086,352683
NEW YORK,NY,24,JOHN M KATKO,INDEPENDENCE,5487,352683
NEW YORK,NY,24,JOHN M KATKO,REPUBLICAN,156236,352683
NEW YORK,NY,24,STEVEN WILLIAMS,WORKING FAMILIES,13264,352683
NEW YORK,NY,24,UNDERVOTES,,8203,352683
NEW YORK,NY,24,VOID,,353,352683
NEW YORK,NY,24,WRITEIN,,177,352683
NEW YORK,NY,25,GEORGE MITRIS,CONSERVATIVE,20258,367377
NEW YORK,NY,25,GEORGE MITRIS,REPUBLICAN,115940,367377
NEW YORK,NY,25,JOSEPH D MORELLE,DEMOCRAT,187503,367377
NEW YORK,NY,25,JOSEPH D MORELLE,INDEPENDENCE,4309,367377
NEW YORK,NY,25,JOSEPH D MORELLE,WORKING FAMILIES,14584,367377
NEW YORK,NY,25,KEVIN A WILSON,LIBERTARIAN,5325,367377
NEW YORK,NY,25,UNDERVOTES,,19079,367377
NEW YORK,NY,25,VOID,,200,367377
NEW YORK,NY,25,WRITEIN,,179,367377
NEW YORK,NY,26,BRIAN HIGGINS,DEMOCRAT,202400,337867
NEW YORK,NY,26,BRIAN HIGGINS,SERVE AMERICA MOVEMENT,657,337867
NEW YORK,NY,26,BRIAN HIGGINS,WORKING FAMILIES,20309,337867
NEW YORK,NY,26,MICHAEL P RALEIGH,GREEN,4631,337867
NEW YORK,NY,26,RICKY T DONOVAN SR,REPUBLICAN,91706,337867
NEW YORK,NY,26,UNDERVOTES,,17722,337867
NEW YORK,NY,26,VOID,,198,337867
NEW YORK,NY,26,WRITEIN,,244,337867
NEW YORK,NY,27,CHRIS JACOBS,CONSERVATIVE,31006,397802
NEW YORK,NY,27,CHRIS JACOBS,INDEPENDENCE,5260,397802
NEW YORK,NY,27,CHRIS JACOBS,REPUBLICAN,192619,397802
NEW YORK,NY,27,DUANE J WHITMER,LIBERTARIAN,4877,397802
NEW YORK,NY,27,NATHAN D MCMURRAY,DEMOCRAT,136686,397802
NEW YORK,NY,27,NATHAN D MCMURRAY,WORKING FAMILIES,12763,397802
NEW YORK,NY,27,UNDERVOTES,,14252,397802
NEW YORK,NY,27,VOID,,219,397802
NEW YORK,NY,27,WRITEIN,,120,397802
NORTH CAROLINA,NC,1,G K BUTTERFIELD,DEMOCRAT,188870,348618
NORTH CAROLINA,NC,1,SANDY SMITH,REPUBLICAN,159748,348618
NORTH CAROLINA,NC,2,ALAN D SWAIN,REPUBLICAN,172544,495345
NORTH CAROLINA,NC,2,DEBORAH K ROSS,DEMOCRAT,311887,495345
NORTH CAROLINA,NC,2,JEFF MATEMU,LIBERTARIAN,10914,495345
NORTH CAROLINA,NC,3,DARYL FARROW,DEMOCRAT,132752,362552
NORTH CAROLINA,NC,3,GREGORY F MURPHY,REPUBLICAN,229800,362552
NORTH CAROLINA,NC,4,DAVID E PRICE,DEMOCRAT,332421,493719
NORTH CAROLINA,NC,4,ROBERT THOMAS,REPUBLICAN,161298,493719
NORTH CAROLINA,NC,5,DAVID WILSON BROWN,DEMOCRAT,119846,385244
NORTH CAROLINA,NC,5,JEFF GREGORY,CONSTITUTION,7555,385244
NORTH CAROLINA,NC,5,VIRGINIA FOXX,REPUBLICAN,257843,385244
NORTH CAROLINA,NC,6,KATHY MANNING,DEMOCRAT,253531,407129
NORTH CAROLINA,NC,6,LEE HAYWOOD,REPUBLICAN,153598,407129
NORTH CAROLINA,NC,7,CHRISTOPHER M WARD,DEMOCRAT,179045,452208
NORTH CAROLINA,NC,7,DAVID ROUZER,REPUBLICAN,272443,452208
NORTH CAROLINA,NC,7,"THERESA ""TERRI"" EVERETT",WRITE-IN,294,452208
NORTH CAROLINA,NC,7,WRITEIN,,426,452208
NORTH CAROLINA,NC,8,PATRICIA TIMMONS-GOODSON,DEMOCRAT,177781,380555
NORTH CAROLINA,NC,8,RICHARD HUDSON,REPUBLICAN,202774,380555
NORTH CAROLINA,NC,9,CYNTHIA L WALLACE,DEMOCRAT,179463,404124
NORTH CAROLINA,NC,9,DAN BISHOP,REPUBLICAN,224661,404124
NORTH CAROLINA,NC,10,DAVID PARKER,DEMOCRAT,128189,412284
NORTH CAROLINA,NC,10,PATRICK T MCHENRY,REPUBLICAN,284095,412284
NORTH CAROLINA,NC,11,MADISON CAWTHORN,REPUBLICAN,245351,450145
NORTH CAROLINA,NC,11,MOE DAVIS,DEMOCRAT,190609,450145
NORTH CAROLINA,NC,11,TAMARA ZWINAK,GREEN,5503,450145
NORTH CAROLINA,NC,11,TRACEY DEBRUHL,LIBERTARIAN,8682,450145
NORTH CAROLINA,NC,12,ALMA S ADAMS,DEMOCRAT,341457,341457
NORTH CAROLINA,NC,13,SCOTT HUFFMAN,DEMOCRAT,124684,391865
NORTH CAROLINA,NC,13,TED BUDD,REPUBLICAN,267181,391865
NORTH DAKOTA,ND,0,KELLY ARMSTRONG,REPUBLICAN,245229,355598
NORTH DAKOTA,ND,0,STEVEN JAMES PETERSON,LIBERTARIAN,12024,355598
NORTH DAKOTA,ND,0,WRITEIN,,375,355598
NORTH DAKOTA,ND,0,ZACH RAKNERUD,DEMOCRATIC-NONPARTISAN LEAGUE,97970,355598
OHIO,OH,1,KATE SCHRODER,DEMOCRAT,172022,385285
OHIO,OH,1,KEVIN DAVID KAHN,LIBERTARIAN,13692,385285
OHIO,OH,1,KIUMARS KIANI,WRITE-IN,11,385285
OHIO,OH,1,STEVE CHABOT,REPUBLICAN,199560,385285
OHIO,OH,2,BRAD R WENSTRUP,REPUBLICAN,230430,377248
OHIO,OH,2,JAIME M CASTLE,DEMOCRAT,146781,377248
OHIO,OH,2,JAMES J CONDIT JR,WRITE-IN,37,377248
OHIO,OH,3,ANGELA DAVIS,WRITE-IN,11,321092
OHIO,OH,3,JOYCE BEATTY,DEMOCRAT,227420,321092
OHIO,OH,3,MARK F RICHARDSON,REPUBLICAN,93569,321092
OHIO,OH,3,NICHOLAS D MOSS,WRITE-IN,92,321092
OHIO,OH,4,JIM JORDAN,REPUBLICAN,235875,347626
OHIO,OH,4,SHANNON M FRESHOUR,DEMOCRAT,101897,347626
OHIO,OH,4,STEVE PERKINS,LIBERTARIAN,9854,347626
OHIO,OH,5,NICK RUBANDO,DEMOCRAT,120962,377981
OHIO,OH,5,ROBERT E LATTA,REPUBLICAN,257019,377981
OHIO,OH,6,BILL JOHNSON,REPUBLICAN,249130,334791
OHIO,OH,6,SHAWNA ROBERTS,DEMOCRAT,85661,334791
OHIO,OH,7,BOB GIBBS,REPUBLICAN,236607,350549
OHIO,OH,7,BRANDON LAPE,LIBERTARIAN,11671,350549
OHIO,OH,7,QUENTIN POTTER,DEMOCRAT,102271,350549
OHIO,OH,8,ISAAC REED,WRITE-IN,114,357157
OHIO,OH,8,VANESSA ENOCH,DEMOCRAT,110766,357157
OHIO,OH,8,WARREN DAVIDSON,REPUBLICAN,246277,357157
OHIO,OH,9,MARCY KAPTUR,DEMOCRAT,190328,301752
OHIO,OH,9,MCKENZIE LEVINDOFSKE,WRITE-IN,39,301752
OHIO,OH,9,ROB WEBER,REPUBLICAN,111385,301752
OHIO,OH,10,DESIREE TIMS,DEMOCRAT,151976,364948
OHIO,OH,10,MICHAEL R TURNER,REPUBLICAN,212972,364948
OHIO,OH,11,LAVERNE GORE,REPUBLICAN,60323,302421
OHIO,OH,11,MARCIA L FUDGE,DEMOCRAT,242098,302421
OHIO,OH,12,ALAINA SHEARER,DEMOCRAT,182847,437672
OHIO,OH,12,JOHN S STEWART,LIBERTARIAN,13035,437672
OHIO,OH,12,TROY BALDERSON,REPUBLICAN,241790,437672
OHIO,OH,13,CHRISTINA M HAGAN,REPUBLICAN,148648,330801
OHIO,OH,13,MICHAEL FRICKE,LIBERTARIAN,8522,330801
OHIO,OH,13,TIM RYAN,DEMOCRAT,173631,330801
OHIO,OH,14,DAVID P JOYCE,REPUBLICAN,238864,397450
OHIO,OH,14,HILLARY O'CONNOR MUERI,DEMOCRAT,158586,397450
OHIO,OH,15,JOEL NEWBY,DEMOCRAT,140183,383361
OHIO,OH,15,SHANE HOFFMAN,WRITE-IN,75,383361
OHIO,OH,15,STEVE STIVERS,REPUBLICAN,243103,383361
OHIO,OH,16,AARON PAUL GODFREY,DEMOCRAT,144071,391406
OHIO,OH,16,ANTHONY GONZALEZ,REPUBLICAN,247335,391406
OKLAHOMA,OK,1,EVELYN L ROGERS,INDEPENDENT,12130,335471
OKLAHOMA,OK,1,KEVIN HERN,REPUBLICAN,213700,335471
OKLAHOMA,OK,1,KOJO ASAMOA-CAESAR,DEMOCRAT,109641,335471
OKLAHOMA,OK,2,DANYELL LANIER,DEMOCRAT,63472,288527
OKLAHOMA,OK,2,MARKWAYNE MULLIN,REPUBLICAN,216511,288527
OKLAHOMA,OK,2,RICHIE CASTALDO,LIBERTARIAN,8544,288527
OKLAHOMA,OK,3,FRANK D LUCAS,REPUBLICAN,242677,309178
OKLAHOMA,OK,3,ZOE MIDYETT,DEMOCRAT,66501,309178
OKLAHOMA,OK,4,BOB WHITE,LIBERTARIAN,10803,314358
OKLAHOMA,OK,4,MARY BRANNON,DEMOCRAT,90459,314358
OKLAHOMA,OK,4,TOM COLE,REPUBLICAN,213096,314358
OKLAHOMA,OK,5,KENDRA S HORN,DEMOCRAT,145658,303849
OKLAHOMA,OK,5,STEPHANIE BICE,REPUBLICAN,158191,303849
OREGON,OR,1,CHRISTOPHER C CHRISTENSEN,REPUBLICAN,161928,459899
OREGON,OR,1,SUZANNE BONAMICI,DEMOCRAT,297071,459899
OREGON,OR,1,WRITEIN,,900,459899
OREGON,OR,2,ALEX SPENSER,DEMOCRAT,168881,457433
OREGON,OR,2,CLIFF BENTZ,REPUBLICAN,273835,457433
OREGON,OR,2,ROBERT WERCH,LIBERTARIAN,14094,457433
OREGON,OR,2,WRITEIN,,623,457433
OREGON,OR,3,ALEX C DIBLASI,PACIFIC GREEN,8872,470506
OREGON,OR,3,EARL BLUMENAUER,DEMOCRAT,343574,470506
OREGON,OR,3,JOANNA HARBOUR,REPUBLICAN,110570,470506
OREGON,OR,3,JOSH SOLOMON,LIBERTARIAN,6869,470506
OREGON,OR,3,WRITEIN,,621,470506
OREGON,OR,4,ALEK SKARLATOS,REPUBLICAN,216081,467705
OREGON,OR,4,DANIEL HOFFAY,PACIFIC GREEN,10118,467705
OREGON,OR,4,PETER A DEFAZIO,DEMOCRAT,240950,467705
OREGON,OR,4,WRITEIN,,556,467705
OREGON,OR,5,AMY RYAN COURSER,REPUBLICAN,204372,452646
OREGON,OR,5,KURT SCHRADER,DEMOCRAT,234863,452646
OREGON,OR,5,MATTHEW JAMES RIX,LIBERTARIAN,12640,452646
OREGON,OR,5,WRITEIN,,771,452646
PENNSYLVANIA,PA,1,BRIAN K FITZPATRICK,REPUBLICAN,249804,441679
PENNSYLVANIA,PA,1,CHRISTINA FINELLO,DEMOCRAT,191875,441679
PENNSYLVANIA,PA,2,BRENDAN F BOYLE,DEMOCRAT,198140,273162
PENNSYLVANIA,PA,2,DAVID TORRES,REPUBLICAN,75022,273162
PENNSYLVANIA,PA,3,DWIGHT EVANS,DEMOCRAT,341708,375379
PENNSYLVANIA,PA,3,MICHAEL HARVEY,REPUBLICAN,33671,375379
PENNSYLVANIA,PA,4,KATHY BARNETTE,REPUBLICAN,179926,444563
PENNSYLVANIA,PA,4,MADELEINE DEAN CUNNANE,DEMOCRAT,264637,444563
PENNSYLVANIA,PA,5,DASHA PRUETT,REPUBLICAN,139552,395295
PENNSYLVANIA,PA,5,MARY GAY SCANLON,DEMOCRAT,255743,395295
PENNSYLVANIA,PA,6,CHRISSY J HOULAHAN,DEMOCRAT,226440,403966
PENNSYLVANIA,PA,6,JOHN WILLIAM EMMONS,REPUBLICAN,177526,403966
PENNSYLVANIA,PA,7,LISA SCHELLER,REPUBLICAN,181407,376882
PENNSYLVANIA,PA,7,SUSAN ELLIS WILD,DEMOCRAT,195475,376882
PENNSYLVANIA,PA,8,JAMES ROCCO BOGNET,REPUBLICAN,165783,343787
PENNSYLVANIA,PA,8,MATTHEW ALTON CARTWRIGHT,DEMOCRAT,178004,343787
PENNSYLVANIA,PA,9,DANIEL PHILIP MEUSER,REPUBLICAN,232988,351254
PENNSYLVANIA,PA,9,GARY STEVEN WEGMAN,DEMOCRAT,118266,351254
PENNSYLVANIA,PA,10,EUGENE A DEPASQUALE,DEMOCRAT,182938,391834
PENNSYLVANIA,PA,10,SCOTT G PERRY,REPUBLICAN,208896,391834
PENNSYLVANIA,PA,11,LLOYD K SMUCKER,REPUBLICAN,241915,383240
PENNSYLVANIA,PA,11,SARAH E HAMMOND,DEMOCRAT,141325,383240
PENNSYLVANIA,PA,12,FREDERICK B KELLER,REPUBLICAN,241035,340234
PENNSYLVANIA,PA,12,LEE GRIFFIN,DEMOCRAT,99199,340234
PENNSYLVANIA,PA,13,JOHN JOYCE,REPUBLICAN,267789,364401
PENNSYLVANIA,PA,13,RAYMOND TODD ROWLEY,DEMOCRAT,96612,364401
PENNSYLVANIA,PA,14,GUY RESCHENTHALER,REPUBLICAN,241688,373583
PENNSYLVANIA,PA,14,WILLIAM A MARX,DEMOCRAT,131895,373583
PENNSYLVANIA,PA,15,GLENN W THOMPSON JR,REPUBLICAN,255058,347214
PENNSYLVANIA,PA,15,ROBERT M WILLIAMS,DEMOCRAT,92156,347214
PENNSYLVANIA,PA,16,GEORGE J KELLY JR,REPUBLICAN,210088,354050
PENNSYLVANIA,PA,16,KRISTY MARIE GNIBUS,DEMOCRAT,143962,354050
PENNSYLVANIA,PA,17,CONOR J LAMB,DEMOCRAT,222253,434537
PENNSYLVANIA,PA,17,RICHARD SEAN PARNELL,REPUBLICAN,212284,434537
PENNSYLVANIA,PA,18,LUKE EDISON NEGRON,REPUBLICAN,118163,384247
PENNSYLVANIA,PA,18,MICHAEL F DOYLE JR,DEMOCRAT,266084,384247
RHODE ISLAND,RI,1,DAVID N CICILLINE,DEMOCRAT,158550,223860
RHODE ISLAND,RI,1,FREDERICK WYSOCKI,INDEPENDENT,35457,223860
RHODE ISLAND,RI,1,JEFFREY EDWARD LEMIRE,INDEPENDENT,28300,223860
RHODE ISLAND,RI,1,WRITEIN,,1553,223860
RHODE ISLAND,RI,2,JAMES R LANGEVIN,DEMOCRAT,154086,264557
RHODE ISLAND,RI,2,ROBERT B LANCIA,REPUBLICAN,109894,264557
RHODE ISLAND,RI,2,WRITEIN,,577,264557
SOUTH CAROLINA,SC,1,JOE CUNNINGHAM,DEMOCRAT,210627,427111
SOUTH CAROLINA,SC,1,NANCY MACE,REPUBLICAN,216042,427111
SOUTH CAROLINA,SC,1,WRITEIN,,442,427111
SOUTH CAROLINA,SC,2,ADAIR FORD BOROUGHS,DEMOCRAT,155118,364215
SOUTH CAROLINA,SC,2,JOE WILSON,REPUBLICAN,202715,364215
SOUTH CAROLINA,SC,2,KATHLEEN K WRIGHT,CONSTITUTION,6163,364215
SOUTH CAROLINA,SC,2,WRITEIN,,219,364215
SOUTH CAROLINA,SC,3,HOSEA CLEVELAND,DEMOCRAT,95712,333564
SOUTH CAROLINA,SC,3,JEFF DUNCAN,REPUBLICAN,237544,333564
SOUTH CAROLINA,SC,3,WRITEIN,,308,333564
SOUTH CAROLINA,SC,4,KIM NELSON,DEMOCRAT,133023,360550
SOUTH CAROLINA,SC,4,MICHAEL CHANDLER,CONSTITUTION,5090,360550
SOUTH CAROLINA,SC,4,WILLIAM R TIMMONS IV,REPUBLICAN,222126,360550
SOUTH CAROLINA,SC,4,WRITEIN,,311,360550
SOUTH CAROLINA,SC,5,MOE BROWN,DEMOCRAT,145979,366258
SOUTH CAROLINA,SC,5,RALPH NORMAN,REPUBLICAN,220006,366258
SOUTH CAROLINA,SC,5,WRITEIN,,273,366258
SOUTH CAROLINA,SC,6,JAMES E CLYBURN,DEMOCRAT,197477,289653
SOUTH CAROLINA,SC,6,JOHN MCCOLLUM,REPUBLICAN,89258,289653
SOUTH CAROLINA,SC,6,MARK HACKETT,CONSTITUTION,2646,289653
SOUTH CAROLINA,SC,6,WRITEIN,,272,289653
SOUTH CAROLINA,SC,7,MELISSA WARD WATSON,DEMOCRAT,138863,364091
SOUTH CAROLINA,SC,7,TOM RICE,REPUBLICAN,224993,364091
SOUTH CAROLINA,SC,7,WRITEIN,,235,364091
SOUTH DAKOTA,SD,0,DUSTY JOHNSON,REPUBLICAN,321984,397732
SOUTH DAKOTA,SD,0,"RANDY ""URIAH"" LUALLIN",LIBERTARIAN,75748,397732
TENNESSEE,TN,1,BLAIR WALSINGHAM,DEMOCRAT,68617,305423
TENNESSEE,TN,1,DIANA HARSHBARGER,REPUBLICAN,228181,305423
TENNESSEE,TN,1,JOSH BERGER,WRITE-IN,4,305423
TENNESSEE,TN,1,STEVE HOLDER,INDEPENDENT,8621,305423
TENNESSEE,TN,2,DAVID DOCKERY,WRITE-IN,7,353197
TENNESSEE,TN,2,MATTHEW L CAMPBELL,INDEPENDENT,4592,353197
TENNESSEE,TN,2,RENEE HOYOS,DEMOCRAT,109684,353197
TENNESSEE,TN,2,RONALD CORNELL JR,WRITE-IN,7,353197
TENNESSEE,TN,2,TIM BURCHETT,REPUBLICAN,238907,353197
TENNESSEE,TN,3,AMBER L HYSELL,INDEPENDENT,5043,320299
TENNESSEE,TN,3,"CHARLES J ""CHUCK"" FLEISCHMANN",REPUBLICAN,215571,320299
TENNESSEE,TN,3,KEITH DOUGLAS SWEITZER,INDEPENDENT,1990,320299
TENNESSEE,TN,3,MEG GORMAN,DEMOCRAT,97687,320299
TENNESSEE,TN,3,SCOTT D JAMES,WRITE-IN,8,320299
TENNESSEE,TN,4,CHRISTOPHER J HALE,DEMOCRAT,111908,335710
TENNESSEE,TN,4,SCOTT DESJARLAIS,REPUBLICAN,223802,335710
TENNESSEE,TN,5,JIM COOPER,DEMOCRAT,252155,252169
TENNESSEE,TN,5,NATISHA BROOKS,WRITE-IN,13,252169
TENNESSEE,TN,5,TREVOR KILLIAN MURPHY,WRITE-IN,1,252169
TENNESSEE,TN,6,CHRISTOPHER B MONDAY,INDEPENDENT,8154,349578
TENNESSEE,TN,6,CHRISTOPHER MARTIN FINLEY,DEMOCRAT,83852,349578
TENNESSEE,TN,6,JOHN W ROSE,REPUBLICAN,257572,349578
TENNESSEE,TN,7,KIRAN SREEPADA,DEMOCRAT,95839,350635
TENNESSEE,TN,7,MARK E GREEN,REPUBLICAN,245188,350635
TENNESSEE,TN,7,RONALD BROWN,INDEPENDENT,7603,350635
TENNESSEE,TN,7,SCOTT ANTHONY VIEIRA JR,INDEPENDENT,2005,350635
TENNESSEE,TN,8,DAVID KUSTOFF,REPUBLICAN,227216,331853
TENNESSEE,TN,8,ERIKA STOTTS PEARSON,DEMOCRAT,97890,331853
TENNESSEE,TN,8,JAMES HART,INDEPENDENT,3763,331853
TENNESSEE,TN,8,JON DILLARD,INDEPENDENT,2984,331853
TENNESSEE,TN,9,BOBBY LYONS,INDEPENDENT,2192,242880
TENNESSEE,TN,9,CHARLES SHAPPLEY,WRITE-IN,3,242880
TENNESSEE,TN,9,CHARLOTTE BERGMANN,REPUBLICAN,48818,242880
TENNESSEE,TN,9,DENNIS CLARK,INDEPENDENT,3962,242880
TENNESSEE,TN,9,STEVE COHEN,DEMOCRAT,187905,242880
TEXAS,TX,1,HANK GILBERT,DEMOCRAT,83016,302742
TEXAS,TX,1,LOUIE GOHMERT,REPUBLICAN,219726,302742
TEXAS,TX,2,DAN CRENSHAW,REPUBLICAN,192828,346726
TEXAS,TX,2,ELLIOTT ROBERT SCHEIRMAN,LIBERTARIAN,5524,346726
TEXAS,TX,2,SIMA LADJEVARDIAN,DEMOCRAT,148374,346726
TEXAS,TX,3,CHRISTOPHER J CLAYTOR,LIBERTARIAN,8621,418591
TEXAS,TX,3,LULU SEIKALY,DEMOCRAT,179458,418591
TEXAS,TX,3,VAN TAYLOR,REPUBLICAN,230512,418591
TEXAS,TX,4,LOU ANTONELLI,LIBERTARIAN,6334,337803
TEXAS,TX,4,PAT FALLON,REPUBLICAN,253837,337803
TEXAS,TX,4,RUSSELL FOSTER,DEMOCRAT,76326,337803
TEXAS,TX,4,TRACY JONES,WRITE-IN,1306,337803
TEXAS,TX,5,CAROLYN SALTER,DEMOCRAT,100743,280413
TEXAS,TX,5,KEVIN A HALE,LIBERTARIAN,5834,280413
TEXAS,TX,5,LANCE GOODEN,REPUBLICAN,173836,280413
TEXAS,TX,6,MELANIE A BLACK,LIBERTARIAN,10955,339992
TEXAS,TX,6,RON WRIGHT,REPUBLICAN,179507,339992
TEXAS,TX,6,STEPHEN DANIEL,DEMOCRAT,149530,339992
TEXAS,TX,7,LIZZIE FLETCHER,DEMOCRAT,159529,314125
TEXAS,TX,7,SHAWN KELLY,LIBERTARIAN,5542,314125
TEXAS,TX,7,WESLEY HUNT,REPUBLICAN,149054,314125
TEXAS,TX,8,CHRIS DUNCAN,LIBERTARIAN,7735,382471
TEXAS,TX,8,ELIZABETH HERNANDEZ,DEMOCRAT,97409,382471
TEXAS,TX,8,KEVIN BRADY,REPUBLICAN,277327,382471
TEXAS,TX,9,AL GREEN,DEMOCRAT,172938,229107
TEXAS,TX,9,JOHNNY TEAGUE,REPUBLICAN,49575,229107
TEXAS,TX,9,JOSE R SOSA,LIBERTARIAN,6594,229107
TEXAS,TX,10,MICHAEL T MCCAUL,REPUBLICAN,217216,413894
TEXAS,TX,10,MIKE SIEGEL,DEMOCRAT,187686,413894
TEXAS,TX,10,ROY ERIKSEN,LIBERTARIAN,8992,413894
TEXAS,TX,11,AUGUST PFLUGER,REPUBLICAN,232568,291773
TEXAS,TX,11,JON MARK HOGG,DEMOCRAT,53394,291773
TEXAS,TX,11,WACEY ALPHA CODY,LIBERTARIAN,5811,291773
TEXAS,TX,12,KAY GRANGER,REPUBLICAN,233853,367021
TEXAS,TX,12,LISA WELCH,DEMOCRAT,121250,367021
TEXAS,TX,12,TREY HOLCOMB,LIBERTARIAN,11918,367021
TEXAS,TX,13,GUS TRUJILLO,DEMOCRAT,50477,273508
TEXAS,TX,13,JACK B WESTBROOK,LIBERTARIAN,5907,273508
TEXAS,TX,13,RONNY JACKSON,REPUBLICAN,217124,273508
TEXAS,TX,14,ADRIENNE BELL,DEMOCRAT,118574,309115
TEXAS,TX,14,RANDY K WEBER SR,REPUBLICAN,190541,309115
TEXAS,TX,15,MONICA DE LA CRUZ-HERNANDEZ,REPUBLICAN,109017,228917
TEXAS,TX,15,ROSS LYNN LEONE,LIBERTARIAN,4295,228917
TEXAS,TX,15,VICENTE GONZALEZ,DEMOCRAT,115605,228917
TEXAS,TX,16,IRENE ARMENDARIZ-JACKSON,REPUBLICAN,84006,238114
TEXAS,TX,16,VERONICA ESCOBAR,DEMOCRAT,154108,238114
TEXAS,TX,17,PETE SESSIONS,REPUBLICAN,171390,306873
TEXAS,TX,17,RICK KENNEDY,DEMOCRAT,125565,306873
TEXAS,TX,17,TED BROWN,LIBERTARIAN,9918,306873
TEXAS,TX,18,LUKE SPENCER,LIBERTARIAN,4514,246895
TEXAS,TX,18,SHEILA JACKSON LEE,DEMOCRAT,180952,246895
TEXAS,TX,18,VINCE DUNCAN,INDEPENDENT,3396,246895
TEXAS,TX,18,WENDELL CHAMPION,REPUBLICAN,58033,246895
TEXAS,TX,19,JODEY C ARRINGTON,REPUBLICAN,198198,265052
TEXAS,TX,19,JOE BURNES,LIBERTARIAN,6271,265052
TEXAS,TX,19,TOM WATSON,DEMOCRAT,60583,265052
TEXAS,TX,20,JEFFREY BLUNT,LIBERTARIAN,6017,270723
TEXAS,TX,20,JOAQUIN CASTRO,DEMOCRAT,175078,270723
TEXAS,TX,20,MAURO GARZA,REPUBLICAN,89628,270723
TEXAS,TX,21,ARTHUR DIBIANCA,LIBERTARIAN,8666,453750
TEXAS,TX,21,CHIP ROY,REPUBLICAN,235740,453750
TEXAS,TX,21,TOMMY WAKELY,GREEN,3564,453750
TEXAS,TX,21,WENDY R DAVIS,DEMOCRAT,205780,453750
TEXAS,TX,22,JOSEPH LEBLANC JR,LIBERTARIAN,15791,408048
TEXAS,TX,22,SRI PRESTON KULKARNI,DEMOCRAT,181998,408048
TEXAS,TX,22,TROY NEHLS,REPUBLICAN,210259,408048
TEXAS,TX,23,BETO VILLELA,LIBERTARIAN,8369,295457
TEXAS,TX,23,GINA ORTIZ JONES,DEMOCRAT,137693,295457
TEXAS,TX,23,TONY GONZALES,REPUBLICAN,149395,295457
TEXAS,TX,24,BETH VAN DUYNE,REPUBLICAN,167910,344021
TEXAS,TX,24,CANDACE VALENZUELA,DEMOCRAT,163326,344021
TEXAS,TX,24,DARREN HAMILTON,LIBERTARIAN,5647,344021
TEXAS,TX,24,MARK BAUER,INDEPENDENT,2909,344021
TEXAS,TX,24,STEVE KUZMICH,INDEPENDENT,4229,344021
TEXAS,TX,25,BILL KELSEY,LIBERTARIAN,7738,393523
TEXAS,TX,25,JULIE OLIVER,DEMOCRAT,165697,393523
TEXAS,TX,25,ROGER WILLIAMS,REPUBLICAN,220088,393523
TEXAS,TX,26,CAROL H IANNUZZI,DEMOCRAT,161009,432215
TEXAS,TX,26,MARK BOLER,LIBERTARIAN,9243,432215
TEXAS,TX,26,MICHAEL C BURGESS,REPUBLICAN,261963,432215
TEXAS,TX,27,MICHAEL CLOUD,REPUBLICAN,172305,273253
TEXAS,TX,27,PHIL GRAY,LIBERTARIAN,5482,273253
TEXAS,TX,27,"RICARDO ""RICK"" DE LA FUENTE",DEMOCRAT,95466,273253
TEXAS,TX,28,BEKAH CONGDON,LIBERTARIAN,6425,235844
TEXAS,TX,28,HENRY CUELLAR,DEMOCRAT,137494,235844
TEXAS,TX,28,SANDRA WHITTEN,REPUBLICAN,91925,235844
TEXAS,TX,29,JAIMY Z BLANCO,REPUBLICAN,42840,156473
TEXAS,TX,29,PHIL KURTZ,LIBERTARIAN,2328,156473
TEXAS,TX,29,SYLVIA R GARCIA,DEMOCRAT,111305,156473
TEXAS,TX,30,EDDIE BERNICE JOHNSON,DEMOCRAT,204928,264464
TEXAS,TX,30,ERIC WILLIAMS,INDEPENDENT,10851,264464
TEXAS,TX,30,TRE PENNIE,REPUBLICAN,48685,264464
TEXAS,TX,31,CLARK PATTERSON,LIBERTARIAN,8922,398057
TEXAS,TX,31,DONNA IMAM,DEMOCRAT,176293,398057
TEXAS,TX,31,JOHN R CARTER,REPUBLICAN,212695,398057
TEXAS,TX,31,JONATHAN SCOTT,WRITE-IN,147,398057
TEXAS,TX,32,CHRISTY MOWREY PETERSON,LIBERTARIAN,4946,343687
TEXAS,TX,32,COLIN Z ALLRED,DEMOCRAT,178542,343687
TEXAS,TX,32,GENEVIEVE COLLINS,REPUBLICAN,157867,343687
TEXAS,TX,32,JASON SIGMON,INDEPENDENT,2332,343687
TEXAS,TX,33,CARLOS QUINTANILLA,INDEPENDENT,8071,157606
TEXAS,TX,33,FABIAN CORDOVA VASQUEZ,REPUBLICAN,39638,157606
TEXAS,TX,33,JASON REEVES,LIBERTARIAN,2586,157606
TEXAS,TX,33,MARC A VEASEY,DEMOCRAT,105317,157606
TEXAS,TX,33,RENE WELTON,INDEPENDENT,1994,157606
TEXAS,TX,34,ANTHONY CRISTO,LIBERTARIAN,3222,201027
TEXAS,TX,34,CHRIS B ROYAL,INDEPENDENT,2247,201027
TEXAS,TX,34,FILEMON VELA,DEMOCRAT,111439,201027
TEXAS,TX,34,REY GONZALEZ,REPUBLICAN,84119,201027
TEXAS,TX,35,JASON MATA SR,INDEPENDENT,5236,269797
TEXAS,TX,35,JENNY GARCIA SHARON,REPUBLICAN,80795,269797
TEXAS,TX,35,LLOYD DOGGETT,DEMOCRAT,176373,269797
TEXAS,TX,35,MARK LOEWE,LIBERTARIAN,7393,269797
TEXAS,TX,36,BRIAN BABIN,REPUBLICAN,222712,302549
TEXAS,TX,36,CHAD ABBEY,LIBERTARIAN,4848,302549
TEXAS,TX,36,HAL J RIDLEY JR,GREEN,1571,302549
TEXAS,TX,36,RASHAD LEWIS,DEMOCRAT,73418,302549
UTAH,UT,1,BLAKE DAVID MOORE,REPUBLICAN,237988,342351
UTAH,UT,1,DARREN PARRY,DEMOCRAT,104194,342351
UTAH,UT,1,MIKAL SMITH,WRITE-IN,12,342351
UTAH,UT,1,TAYLOR LEE,WRITE-IN,157,342351
UTAH,UT,2,CHRIS STEWART,REPUBLICAN,208997,354224
UTAH,UT,2,J ROBERT LATHAM,LIBERTARIAN,15465,354224
UTAH,UT,2,KAEL WESTON,DEMOCRAT,129762,354224
UTAH,UT,3,DANIEL CLYDE CUMMINGS,CONSTITUTION,8889,358927
UTAH,UT,3,DEVIN D THORPE,DEMOCRAT,96067,358927
UTAH,UT,3,JEREMY LEWIS FRIEDBAUM,WRITE-IN,7,358927
UTAH,UT,3,JOHN R CURTIS,REPUBLICAN,246674,358927
UTAH,UT,3,THOMAS G MCNEILL,UNITED UTAH,7040,358927
UTAH,UT,3,TREY ROBINSON,WRITE-IN,250,358927
UTAH,UT,4,BEN MCADAMS,DEMOCRAT,175923,376730
UTAH,UT,4,BURGESS OWENS,REPUBLICAN,179688,376730
UTAH,UT,4,JOHN MOLNAR,LIBERTARIAN,13053,376730
UTAH,UT,4,JONATHAN L PETERSON,WRITE-IN,29,376730
UTAH,UT,4,JONIA M BRODERICK,UNITED UTAH,8037,376730
VERMONT,VT,0,CHRISTOPHER HELALI,COMMUNIST,3432,370968
VERMONT,VT,0,JERRY TRUDELL,INDEPENDENT,1881,370968
VERMONT,VT,0,MARCIA HORNE,INDEPENDENT,4334,370968
VERMONT,VT,0,MIRIAM BERRY,REPUBLICAN,95830,370968
VERMONT,VT,0,OVERVOTES,,383,370968
VERMONT,VT,0,PETER R BECKER,INDEPENDENT,8065,370968
VERMONT,VT,0,PETER WELCH,DEMOCRAT,238827,370968
VERMONT,VT,0,SHAWN ORR,INDEPENDENT,1926,370968
VERMONT,VT,0,UNDERVOTES,,15748,370968
VERMONT,VT,0,WRITEIN,,542,370968
VIRGINIA,VA,1,QASIM RASHID,DEMOCRAT,186923,448178
VIRGINIA,VA,1,ROBERT J WITTMAN,REPUBLICAN,260614,448178
VIRGINIA,VA,1,WRITEIN,,641,448178
VIRGINIA,VA,2,ELAINE G LURIA,DEMOCRAT,185733,360277
VIRGINIA,VA,2,SCOTT W TAYLOR,INDEPENDENT,9170,360277
VIRGINIA,VA,2,SCOTT W TAYLOR,REPUBLICAN,165031,360277
VIRGINIA,VA,2,WRITEIN,,343,360277
VIRGINIA,VA,3,JOHN W COLLICK JR,REPUBLICAN,107299,341361
VIRGINIA,VA,3,"ROBERT C ""BOBBY"" SCOTT",DEMOCRAT,233326,341361
VIRGINIA,VA,3,WRITEIN,,736,341361
VIRGINIA,VA,4,A DONALD MCEACHIN,DEMOCRAT,241142,391345
VIRGINIA,VA,4,LEON BENJAMIN SR,REPUBLICAN,149625,391345
VIRGINIA,VA,4,WRITEIN,,578,391345
VIRGINIA,VA,5,B CAMERON WEBB,DEMOCRAT,190315,402317
VIRGINIA,VA,5,"ROBERT G ""BOB"" GOOD",REPUBLICAN,210988,402317
VIRGINIA,VA,5,WRITEIN,,1014,402317
VIRGINIA,VA,6,BEN CLINE,REPUBLICAN,246606,381813
VIRGINIA,VA,6,NICHOLAS A BETTS,DEMOCRAT,134729,381813
VIRGINIA,VA,6,WRITEIN,,478,381813
VIRGINIA,VA,7,ABIGAIL DAVIS SPANBERGER,DEMOCRAT,230893,454339
VIRGINIA,VA,7,NICK J FREITAS,REPUBLICAN,222623,454339
VIRGINIA,VA,7,WRITEIN,,823,454339
VIRGINIA,VA,8,DONALD S BEYER JR,DEMOCRAT,301454,397745
VIRGINIA,VA,8,JEFF A JORDAN,REPUBLICAN,95365,397745
VIRGINIA,VA,8,WRITEIN,,926,397745
VIRGINIA,VA,9,H MORGAN GRIFFITH,REPUBLICAN,271851,289274
VIRGINIA,VA,9,WRITEIN,,17423,289274
VIRGINIA,VA,10,ALISCIA N ANDREWS,REPUBLICAN,206253,475546
VIRGINIA,VA,10,JENNIFER WEXTON,DEMOCRAT,268734,475546
VIRGINIA,VA,10,WRITEIN,,559,475546
VIRGINIA,VA,11,GERALD E CONNOLLY,DEMOCRAT,280725,393241
VIRGINIA,VA,11,MANGA A ANANTATMULA,REPUBLICAN,111380,393241
VIRGINIA,VA,11,WRITEIN,,1136,393241
WASHINGTON,WA,1,JEFFREY BEELER SR,REPUBLICAN,176407,426862
WASHINGTON,WA,1,SUZAN K DELBENE,DEMOCRAT,249944,426862
WASHINGTON,WA,1,WRITEIN,,511,426862
WASHINGTON,WA,2,RICK LARSEN,DEMOCRAT,255252,404598
WASHINGTON,WA,2,TIMOTHY S HAZELO,REPUBLICAN,148384,404598
WASHINGTON,WA,2,WRITEIN,,962,404598
WASHINGTON,WA,3,CAROLYN LONG,DEMOCRAT,181347,417903
WASHINGTON,WA,3,JAIME HERRERA BEUTLER,REPUBLICAN,235579,417903
WASHINGTON,WA,3,WRITEIN,,977,417903
WASHINGTON,WA,4,DAN NEWHOUSE,REPUBLICAN,202108,305263
WASHINGTON,WA,4,DOUGLAS E MCKINLEY,DEMOCRAT,102667,305263
WASHINGTON,WA,4,WRITEIN,,488,305263
WASHINGTON,WA,5,CATHY MCMORRIS RODGERS,REPUBLICAN,247815,404360
WASHINGTON,WA,5,DAVE WILSON,DEMOCRAT,155737,404360
WASHINGTON,WA,5,WRITEIN,,808,404360
WASHINGTON,WA,6,DEREK KILMER,DEMOCRAT,247429,417216
WASHINGTON,WA,6,ELIZABETH KREISELMAIER,REPUBLICAN,168783,417216
WASHINGTON,WA,6,WRITEIN,,1004,417216
WASHINGTON,WA,7,CRAIG KELLER,REPUBLICAN,78240,466462
WASHINGTON,WA,7,PRAMILA JAYAPAL,DEMOCRAT,387109,466462
WASHINGTON,WA,7,WRITEIN,,1113,466462
WASHINGTON,WA,8,JESSE JENSEN,REPUBLICAN,198423,412112
WASHINGTON,WA,8,KIM SCHRIER,DEMOCRAT,213123,412112
WASHINGTON,WA,8,WRITEIN,,566,412112
WASHINGTON,WA,9,ADAM SMITH,DEMOCRAT,258771,349050
WASHINGTON,WA,9,DOUG BASLER,REPUBLICAN,89697,349050
WASHINGTON,WA,9,WRITEIN,,582,349050
WASHINGTON,WA,10,BETH DOGLIO,DEMOCRAT,121040,340407
WASHINGTON,WA,10,MARILYN STRICKLAND,DEMOCRAT,167937,340407
WASHINGTON,WA,10,WRITEIN,,51430,340407
WEST VIRGINIA,WV,1,DAVID B MCKINLEY,REPUBLICAN,180488,261723
WEST VIRGINIA,WV,1,NATALIE CLINE,DEMOCRAT,81177,261723
WEST VIRGINIA,WV,1,SHAWN COSNER,WRITE-IN,58,261723
WEST VIRGINIA,WV,2,ALEXANDER X MOONEY,REPUBLICAN,172195,272994
WEST VIRGINIA,WV,2,CATHY KUNKEL,DEMOCRAT,100799,272994
WEST VIRGINIA,WV,3,BELINDA FOX-SPENCER,WRITE-IN,156,226668
WEST VIRGINIA,WV,3,CAROL D MILLER,REPUBLICAN,161585,226668
WEST VIRGINIA,WV,3,HILARY TURNER,DEMOCRAT,64927,226668
WISCONSIN,WI,1,BRYAN STEIL,REPUBLICAN,238271,401754
WISCONSIN,WI,1,ROGER POLACK,DEMOCRAT,163170,401754
WISCONSIN,WI,1,WRITEIN,,313,401754
WISCONSIN,WI,2,MARK POCAN,DEMOCRAT,318523,457205
WISCONSIN,WI,2,PETER THERON,REPUBLICAN,138306,457205
WISCONSIN,WI,2,WRITEIN,,376,457205
WISCONSIN,WI,3,DERRICK VAN ORDEN,REPUBLICAN,189524,389618
WISCONSIN,WI,3,RON KIND,DEMOCRAT,199870,389618
WISCONSIN,WI,3,WRITEIN,,224,389618
WISCONSIN,WI,4,GWEN MOORE,DEMOCRAT,232668,311697
WISCONSIN,WI,4,ROBERT R RAYMOND,INDEPENDENT,7911,311697
WISCONSIN,WI,4,TIM ROGERS,REPUBLICAN,70769,311697
WISCONSIN,WI,4,WRITEIN,,349,311697
WISCONSIN,WI,5,SCOTT FITZGERALD,REPUBLICAN,265434,441599
WISCONSIN,WI,5,TOM PALZEWICZ,DEMOCRAT,175902,441599
WISCONSIN,WI,5,WRITEIN,,263,441599
WISCONSIN,WI,6,GLENN GROTHMAN,REPUBLICAN,238874,403333
WISCONSIN,WI,6,JESSICA J KING,DEMOCRAT,164239,403333
WISCONSIN,WI,6,WRITEIN,,220,403333
WISCONSIN,WI,7,THOMAS P TIFFANY,REPUBLICAN,252048,415007
WISCONSIN,WI,7,TRICIA ZUNKER,DEMOCRAT,162741,415007
WISCONSIN,WI,7,WRITEIN,,218,415007
WISCONSIN,WI,8,AMANDA STUCK,DEMOCRAT,149558,417838
WISCONSIN,WI,8,MIKE GALLAGHER,REPUBLICAN,268173,417838
WISCONSIN,WI,8,WRITEIN,,107,417838
WYOMING,WY,0,JEFF HAGGIT,CONSTITUTION,7905,278503
WYOMING,WY,0,LIZ CHENEY,REPUBLICAN,185732,278503
WYOMING,WY,0,LYNNETTE GREY BULL,DEMOCRAT,66576,278503
WYOMING,WY,0,OVERVOTES,,1274,278503
WYOMING,WY,0,RICHARD BRUBAKER,LIBERTARIAN,10154,278503
WYOMING,WY,0,UNDERVOTES,,6337,278503
WYOMING,WY,0,WRITEIN,,525,278503
